{"stats":{"minecraft:custom":{"minecraft:time_since_rest":723,"minecraft:interact_with_furnace":6,"minecraft:sprint_one_cm":57960,"minecraft:damage_taken":1793,"minecraft:walk_one_cm":78698,"minecraft:mob_kills":4,"minecraft:drop":58,"minecraft:damage_dealt":1924,"minecraft:fly_one_cm":36182,"minecraft:interact_with_crafting_table":1,"minecraft:player_kills":1,"minecraft:crouch_one_cm":5113,"minecraft:play_time":20630,"minecraft:deaths":4,"minecraft:sneak_time":1786,"minecraft:walk_under_water_one_cm":336,"minecraft:jump":298,"minecraft:walk_on_water_one_cm":1573,"minecraft:time_since_death":699,"minecraft:sleep_in_bed":1,"minecraft:total_world_time":20630,"minecraft:fall_one_cm":5330},"minecraft:crafted":{"minecraft:baked_potato":11,"minecraft:air":0},"minecraft:picked_up":{"minecraft:raw_iron":1,"minecraft:creeper_head":1,"minecraft:gravel":2,"samurai_dynasty:kitsune_hide":2,"epicfight:skillbook":1,"create:raw_zinc":2,"epicfight:uchigatana":1,"minecraft:redstone":5,"farmersdelight:cooked_mutton_chops":51,"soul_like_armors_reworked:northknight_boots":1,"minecraft:spider_eye":1,"minecraft:string":1,"epicfight:stray_hat":2,"soul_like_armors_reworked:estusflask":4,"wom:tormented_mind":1,"minecraft:arrow":2,"wom:diamond_crown":2,"soul_like_armors_reworked:northknight_chestplate":1,"supplementaries:ash":8,"soul_like_armors_reworked:northknight_helmet":1,"soul_like_armors_reworked:northknight_leggings":1,"minecraft:cobblestone":7},"minecraft:killed_by":{"minecraft:player":1,"minecraft:warden":1,"minecraft:zombie":1},"minecraft:killed":{"minecraft:zombie":1,"minecraft:spider":1,"samurai_dynasty:onibi":1,"minecraft:creeper":1},"minecraft:used":{"soul_like_armors_reworked:dagger":7,"minecraft:redstone":4,"soul_like_armors_reworked:northknight_boots":1,"minecraft:baked_potato":6,"soul_like_armors_reworked:northknight_chestplate":1,"wom:tormented_mind":13,"soul_like_armors_reworked:estusflask":9,"soul_like_armors_reworked:northknight_helmet":1,"soul_like_armors_reworked:northknight_leggings":1,"minecraft:cobblestone":5,"epicfight:uchigatana":8},"minecraft:dropped":{"farmersdelight:cooked_mutton_chops":51,"epicfight:stray_hat":2,"wom:diamond_crown":2,"epicfight:skillbook":1,"samurai_dynasty:kitsune_hide":2},"minecraft:mined":{"supplementaries:urn":1,"minecraft:sculk_vein":1,"minecraft:torch":1,"minecraft:gravel":2}},"DataVersion":3465}