{"stats":{"minecraft:custom":{"minecraft:interact_with_furnace":27,"minecraft:mob_kills":6,"minecraft:interact_with_crafting_table":6,"minecraft:interact_with_campfire":1,"minecraft:leave_game":2,"minecraft:time_since_death":9511,"minecraft:sleep_in_bed":1,"minecraft:time_since_rest":9540,"minecraft:sprint_one_cm":101267,"minecraft:damage_taken":2729,"minecraft:walk_one_cm":136459,"minecraft:drop":58,"minecraft:damage_dealt":2184,"minecraft:swim_one_cm":4444,"minecraft:fly_one_cm":82183,"minecraft:player_kills":1,"minecraft:crouch_one_cm":10515,"minecraft:play_time":51610,"minecraft:deaths":7,"minecraft:sneak_time":3844,"minecraft:walk_under_water_one_cm":4428,"minecraft:jump":626,"minecraft:walk_on_water_one_cm":3751,"minecraft:total_world_time":51610,"minecraft:fall_one_cm":15768},"minecraft:crafted":{"minecraft:crafting_table":1,"minecraft:spruce_planks":5,"minecraft:baked_potato":11,"minecraft:iron_sword":1,"minecraft:stone_axe":1,"minecraft:air":40,"minecraft:stick":4,"minecraft:iron_pickaxe":1,"minecraft:iron_ingot":9},"minecraft:picked_up":{"minecraft:creeper_head":5,"samurai_dynasty:kitsune_hide":2,"create:raw_zinc":2,"epicfight:stray_pants":2,"minecraft:dirt":10,"minecraft:string":1,"epicfight:stray_hat":4,"minecraft:iron_leggings":2,"naturalist:bass":1,"soul_like_armors_reworked:rustyshield":2,"wom:diamond_crown":2,"minecraft:wheat_seeds":2,"minecraft:cobbled_deepslate":10,"minecraft:oak_planks":1,"minecraft:stick":1,"minecraft:raw_iron":1,"minecraft:sweet_berries":23,"minecraft:gravel":4,"epicfight:skillbook":1,"epicfight:uchigatana":1,"naturalist:cooked_bass":1,"minecraft:spruce_log":5,"minecraft:redstone":5,"farmersdelight:cooked_mutton_chops":51,"minecraft:spider_eye":1,"soul_like_armors_reworked:northknight_boots":3,"soul_like_armors_reworked:estusflask":4,"minecraft:arrow":12,"beachparty:rubber_ring_pelican":1,"wom:tormented_mind":1,"soul_like_armors_reworked:northknight_chestplate":3,"minecraft:iron_helmet":2,"supplementaries:ash":8,"epicfight:stray_robe":2,"soul_like_armors_reworked:northknight_helmet":1,"soul_like_armors_reworked:northknight_leggings":1,"minecraft:coal":22,"minecraft:cobblestone":35},"minecraft:killed_by":{"minecraft:player":2,"minecraft:warden":1,"minecraft:zombie":1},"minecraft:killed":{"minecraft:spider":1,"samurai_dynasty:onibi":1,"minecraft:creeper":1,"minecraft:zombie":1,"naturalist:bass":2},"minecraft:used":{"minecraft:redstone":4,"soul_like_armors_reworked:northknight_boots":1,"minecraft:baked_potato":6,"soul_like_armors_reworked:northknight_chestplate":1,"minecraft:iron_sword":2,"minecraft:creeper_head":4,"soul_like_armors_reworked:estusflask":9,"soul_like_armors_reworked:northknight_helmet":1,"minecraft:dirt":2,"minecraft:crafting_table":1,"naturalist:cooked_bass":1,"soul_like_armors_reworked:dagger":7,"minecraft:iron_pickaxe":52,"wom:tormented_mind":13,"minecraft:gravel":2,"soul_like_armors_reworked:northknight_leggings":1,"minecraft:cobblestone":5,"minecraft:sweet_berries":17,"epicfight:uchigatana":8},"minecraft:dropped":{"epicfight:stray_hat":2,"samurai_dynasty:kitsune_hide":2,"farmersdelight:cooked_mutton_chops":51,"wom:diamond_crown":2,"epicfight:skillbook":1},"minecraft:mined":{"minecraft:sculk_vein":1,"minecraft:torch":1,"minecraft:grass_block":1,"minecraft:rose_bush":1,"minecraft:creeper_wall_head":3,"minecraft:oak_planks":1,"minecraft:wall_torch":1,"minecraft:large_fern":1,"supplementaries:urn":1,"minecraft:fire":1,"minecraft:sweet_berry_bush":5,"minecraft:creeper_head":1,"treechop:chopped_log":1,"minecraft:coal_ore":22,"minecraft:dirt_path":2,"minecraft:gravel":2,"minecraft:dirt":7,"minecraft:stone":28,"minecraft:fern":4}},"DataVersion":3465}