{"stats":{"minecraft:custom":{"minecraft:interact_with_furnace":27,"minecraft:mob_kills":4,"minecraft:interact_with_crafting_table":4,"minecraft:leave_game":1,"minecraft:time_since_death":2265,"minecraft:sleep_in_bed":1,"minecraft:time_since_rest":2294,"minecraft:sprint_one_cm":75510,"minecraft:damage_taken":2649,"minecraft:walk_one_cm":125143,"minecraft:drop":58,"minecraft:damage_dealt":2124,"minecraft:fly_one_cm":44501,"minecraft:player_kills":1,"minecraft:crouch_one_cm":10483,"minecraft:play_time":44364,"minecraft:deaths":7,"minecraft:sneak_time":3819,"minecraft:walk_under_water_one_cm":336,"minecraft:jump":447,"minecraft:walk_on_water_one_cm":2360,"minecraft:total_world_time":44364,"minecraft:fall_one_cm":12230},"minecraft:crafted":{"minecraft:crafting_table":1,"minecraft:spruce_planks":5,"minecraft:baked_potato":11,"minecraft:air":37,"minecraft:stick":4,"minecraft:iron_ingot":9},"minecraft:picked_up":{"minecraft:creeper_head":5,"samurai_dynasty:kitsune_hide":2,"create:raw_zinc":2,"epicfight:stray_pants":2,"minecraft:string":1,"epicfight:stray_hat":4,"minecraft:iron_leggings":2,"soul_like_armors_reworked:rustyshield":2,"wom:diamond_crown":2,"minecraft:wheat_seeds":2,"minecraft:cobbled_deepslate":10,"minecraft:oak_planks":1,"minecraft:stick":1,"minecraft:raw_iron":1,"minecraft:sweet_berries":18,"minecraft:gravel":4,"epicfight:skillbook":1,"epicfight:uchigatana":1,"minecraft:spruce_log":5,"minecraft:redstone":5,"farmersdelight:cooked_mutton_chops":51,"minecraft:spider_eye":1,"soul_like_armors_reworked:northknight_boots":3,"soul_like_armors_reworked:estusflask":4,"minecraft:arrow":12,"beachparty:rubber_ring_pelican":1,"wom:tormented_mind":1,"soul_like_armors_reworked:northknight_chestplate":3,"minecraft:iron_helmet":2,"supplementaries:ash":8,"epicfight:stray_robe":2,"soul_like_armors_reworked:northknight_helmet":1,"soul_like_armors_reworked:northknight_leggings":1,"minecraft:cobblestone":7},"minecraft:killed_by":{"minecraft:player":2,"minecraft:warden":1,"minecraft:zombie":1},"minecraft:killed":{"minecraft:spider":1,"samurai_dynasty:onibi":1,"minecraft:creeper":1,"minecraft:zombie":1},"minecraft:used":{"minecraft:redstone":4,"soul_like_armors_reworked:northknight_boots":1,"minecraft:baked_potato":6,"soul_like_armors_reworked:northknight_chestplate":1,"minecraft:creeper_head":4,"soul_like_armors_reworked:estusflask":9,"soul_like_armors_reworked:northknight_helmet":1,"minecraft:crafting_table":1,"soul_like_armors_reworked:dagger":7,"wom:tormented_mind":13,"minecraft:gravel":2,"soul_like_armors_reworked:northknight_leggings":1,"minecraft:cobblestone":5,"minecraft:sweet_berries":13,"epicfight:uchigatana":8},"minecraft:dropped":{"epicfight:stray_hat":2,"samurai_dynasty:kitsune_hide":2,"farmersdelight:cooked_mutton_chops":51,"wom:diamond_crown":2,"epicfight:skillbook":1},"minecraft:mined":{"minecraft:sculk_vein":1,"minecraft:torch":1,"minecraft:creeper_wall_head":3,"minecraft:oak_planks":1,"minecraft:wall_torch":1,"minecraft:large_fern":1,"supplementaries:urn":1,"minecraft:fire":1,"minecraft:sweet_berry_bush":5,"minecraft:creeper_head":1,"treechop:chopped_log":1,"minecraft:gravel":2,"minecraft:fern":3}},"DataVersion":3465}