{"stats":{"minecraft:custom":{"minecraft:time_since_rest":1347,"minecraft:interact_with_furnace":17,"minecraft:sprint_one_cm":58628,"minecraft:damage_taken":2072,"minecraft:walk_one_cm":88856,"minecraft:mob_kills":4,"minecraft:drop":58,"minecraft:damage_dealt":1976,"minecraft:fly_one_cm":36290,"minecraft:interact_with_crafting_table":1,"minecraft:player_kills":1,"minecraft:crouch_one_cm":10131,"minecraft:play_time":32630,"minecraft:deaths":5,"minecraft:sneak_time":3654,"minecraft:walk_under_water_one_cm":336,"minecraft:jump":314,"minecraft:walk_on_water_one_cm":1951,"minecraft:time_since_death":1316,"minecraft:sleep_in_bed":1,"minecraft:total_world_time":32630,"minecraft:fall_one_cm":7308},"minecraft:crafted":{"minecraft:iron_ingot":4,"minecraft:baked_potato":11,"minecraft:air":0},"minecraft:picked_up":{"minecraft:raw_iron":1,"minecraft:creeper_head":5,"minecraft:gravel":2,"samurai_dynasty:kitsune_hide":2,"epicfight:skillbook":1,"create:raw_zinc":2,"epicfight:uchigatana":1,"epicfight:stray_pants":1,"minecraft:redstone":5,"farmersdelight:cooked_mutton_chops":51,"soul_like_armors_reworked:northknight_boots":2,"minecraft:spider_eye":1,"minecraft:string":1,"minecraft:iron_leggings":1,"soul_like_armors_reworked:rustyshield":1,"epicfight:stray_hat":3,"soul_like_armors_reworked:estusflask":4,"wom:tormented_mind":1,"minecraft:arrow":7,"wom:diamond_crown":2,"minecraft:cobbled_deepslate":5,"soul_like_armors_reworked:northknight_chestplate":2,"minecraft:iron_helmet":1,"supplementaries:ash":8,"epicfight:stray_robe":1,"soul_like_armors_reworked:northknight_helmet":1,"soul_like_armors_reworked:northknight_leggings":1,"minecraft:cobblestone":7},"minecraft:killed_by":{"minecraft:player":1,"minecraft:warden":1,"minecraft:zombie":1},"minecraft:killed":{"minecraft:zombie":1,"minecraft:spider":1,"samurai_dynasty:onibi":1,"minecraft:creeper":1},"minecraft:used":{"soul_like_armors_reworked:dagger":7,"minecraft:redstone":4,"soul_like_armors_reworked:northknight_boots":1,"minecraft:baked_potato":6,"soul_like_armors_reworked:northknight_chestplate":1,"wom:tormented_mind":13,"minecraft:creeper_head":4,"soul_like_armors_reworked:estusflask":9,"soul_like_armors_reworked:northknight_helmet":1,"soul_like_armors_reworked:northknight_leggings":1,"minecraft:cobblestone":5,"epicfight:uchigatana":8},"minecraft:dropped":{"farmersdelight:cooked_mutton_chops":51,"epicfight:stray_hat":2,"wom:diamond_crown":2,"epicfight:skillbook":1,"samurai_dynasty:kitsune_hide":2},"minecraft:mined":{"supplementaries:urn":1,"minecraft:fire":1,"minecraft:creeper_head":1,"minecraft:sculk_vein":1,"minecraft:torch":1,"minecraft:gravel":2,"minecraft:creeper_wall_head":3}},"DataVersion":3465}