{"stats":{"minecraft:mined":{"minecraft:tuff":10,"biomesoplenty:desert_grass":1,"minecraft:basalt":2,"minecraft:jungle_leaves":2,"butchersdelight:roaster_sheep_roasted":1,"minecraft:crafting_table":2,"minecraft:torch":1,"minecraft:grass_block":12,"minecraft:tall_grass":1,"minecraft:oak_planks":4,"minecraft:wall_torch":2,"treechop:chopped_log":2,"minecraft:grass":9,"minecraft:dirt":6,"minecraft:cobweb":5,"biomesoplenty:barley":7,"minecraft:stone":8,"minecraft:deepslate":5},"minecraft:used":{"minecraft:cooked_mutton":28,"minecraft:stone_sword":72,"minecraft:spruce_planks":4,"minecraft:oak_planks":23,"minecraft:stone_pickaxe":20,"minecraft:wooden_pickaxe":9,"minecraft:shield":22,"minecraft:iron_sword":14,"minecraft:torch":5,"minecraft:iron_chestplate":2,"minecraft:dirt":9,"soulsweapons:bluemoon_shortsword":18,"minecraft:crafting_table":1,"minecraft:tuff":1,"minecraft:carrot":1,"minecraft:oak_log":7,"soul_like_armors_reworked:dagger":4,"minecraft:light_gray_concrete":1,"minecraft:iron_axe":10,"minecraft:bread":9,"minecraft:string":2,"minecraft:iron_pickaxe":2,"minecraft:suspicious_stew":1,"butchersdelight:roaster":2,"minecraft:iron_boots":2,"minecraft:stone_axe":16,"minecraft:bow":1,"minecraft:cobbled_deepslate":4,"epicfight:uchigatana":38},"minecraft:custom":{"minecraft:interact_with_furnace":3,"minecraft:mob_kills":28,"minecraft:interact_with_crafting_table":8,"minecraft:open_barrel":6,"minecraft:leave_game":5,"minecraft:time_since_death":18960,"minecraft:climb_one_cm":20895,"minecraft:time_since_rest":18993,"minecraft:sprint_one_cm":288488,"minecraft:damage_taken":8768,"minecraft:walk_one_cm":613650,"minecraft:damage_blocked_by_shield":655,"minecraft:drop":7,"minecraft:damage_dealt":6212,"minecraft:swim_one_cm":124280,"minecraft:fly_one_cm":519777,"minecraft:open_chest":13,"minecraft:crouch_one_cm":2071,"minecraft:play_time":202743,"minecraft:deaths":23,"minecraft:sneak_time":1633,"minecraft:walk_under_water_one_cm":62696,"minecraft:boat_one_cm":7485,"minecraft:jump":2702,"minecraft:walk_on_water_one_cm":67622,"minecraft:total_world_time":202743,"minecraft:fall_one_cm":65969},"minecraft:dropped":{"butchersdelight:deadsheep":2,"magistuarmory:minicrown_decoration":1,"aether:leather_gloves":1,"minecraft:dirt":20,"soul_like_armors_reworked:dagger":1,"minecraft:leather_leggings":1},"minecraft:killed_by":{"minecraft:husk":7,"minecraft:player":3,"minecraft:skeleton":3,"minecraft:creeper":1,"minecraft:spider":1,"minecraft:zombie":6,"minecraft:drowned":2},"minecraft:crafted":{"minecraft:oak_planks":6,"soulsweapons:bluemoon_shortsword":1,"minecraft:crafting_table":1,"minecraft:wooden_pickaxe":1,"minecraft:bone_meal":1,"minecraft:stone_axe":1,"minecraft:air":40,"butchersdelight:roaster":1,"minecraft:stick":12,"minecraft:stone_pickaxe":1,"minecraft:stone_sword":1,"minecraft:iron_leggings":1},"minecraft:killed":{"minecraft:husk":1,"minecraft:cave_spider":1,"minecraft:spider":1,"naturalist:duck":1,"minecraft:sheep":3,"minecraft:skeleton":9,"minecraft:zombie":10,"naturalist:sparrow":2},"minecraft:picked_up":{"minecraft:crafting_table":3,"minecraft:iron_chestplate":8,"minecraft:music_disc_strad":1,"minecraft:wheat":6,"minecraft:basalt":10,"minecraft:glow_ink_sac":4,"minecraft:tripwire_hook":3,"farm_and_charm:kernels":3,"minecraft:leather_leggings":2,"samurai_dynasty:jade":6,"aether:iron_gloves":3,"minecraft:wooden_pickaxe":3,"minecraft:potato":254,"soulsweapons:moonstone":8,"minecraft:enchanted_book":2,"minecraft:golden_shovel":2,"butchersdelight:deadpig":6,"minecraft:tuff":14,"minecraft:oak_log":181,"supplementaries:flax_seeds":12,"minecraft:shield":6,"aether:leather_gloves":2,"minecraft:string":17,"minecraft:dirt":43,"soul_like_armors_reworked:rustysteel_chestplate":1,"minecraft:iron_axe":4,"minecraft:iron_leggings":1,"minecraft:cooked_mutton":177,"minecraft:iron_shovel":5,"minecraft:bone":76,"butchersdelight:dead_cow":20,"minecraft:bow":4,"minecraft:wheat_seeds":17,"minecraft:cobbled_deepslate":7,"minecraft:spruce_planks":8,"minecraft:iron_ingot":44,"minecraft:stone_pickaxe":1,"minecraft:iron_ore":58,"weaponmaster:tutorialbook":3,"soul_like_armors_reworked:dagger":2,"minecraft:iron_nugget":42,"minecraft:iron_pickaxe":7,"minecraft:spruce_slab":10,"minecraft:iron_sword":2,"minecraft:oak_planks":33,"minecraft:iron_boots":6,"soulsweapons:bluemoon_shortsword":1,"minecraft:raw_iron":6,"minecraft:dark_oak_sapling":6,"minecraft:stick":125,"naturalist:duck":4,"magistuarmory:minicrown_decoration":1,"minecraft:bowl":2,"minecraft:torch":13,"minecraft:quartz":20,"wom:diamond_armbracelet":3,"minecraft:sandstone_wall":9,"samurai_dynasty:silver_ingot":2,"epicfight:uchigatana":3,"minecraft:carrot":2,"minecraft:spider_eye":4,"soul_like_armors_reworked:estusflask":33,"minecraft:light_gray_concrete":2,"beachparty:rubber_ring_pelican":3,"minecraft:stone_sword":3,"minecraft:arrow":26,"butchersdelight:deadsheep":5,"minecraft:rotten_flesh":29,"minecraft:stone_axe":1,"minecraft:iron_helmet":2,"minecraft:granite":2,"minecraft:bone_meal":27,"minecraft:golden_apple":4,"minecraft:bread":15,"minecraft:baked_potato":23,"minecraft:oak_sapling":10,"butchersdelight:roaster":3,"minecraft:coal":2,"minecraft:white_wool":6,"minecraft:bone_block":2,"minecraft:cobblestone":14}},"DataVersion":3465}