{"stats":{"minecraft:custom":{"minecraft:mob_kills":81,"minecraft:interact_with_crafting_table":9,"minecraft:open_barrel":6,"minecraft:leave_game":7,"minecraft:time_since_death":43025,"minecraft:climb_one_cm":21405,"minecraft:sprint_one_cm":544704,"minecraft:walk_one_cm":1266330,"minecraft:damage_blocked_by_shield":655,"minecraft:drop":121,"minecraft:play_time":429211,"minecraft:sneak_time":4439,"minecraft:deaths":40,"minecraft:walk_under_water_one_cm":126311,"minecraft:boat_one_cm":15208,"minecraft:jump":5334,"minecraft:walk_on_water_one_cm":144331,"minecraft:total_world_time":429211,"minecraft:interact_with_furnace":6,"minecraft:sleep_in_bed":2,"minecraft:time_since_rest":43055,"minecraft:damage_taken":19955,"minecraft:trigger_trapped_chest":12,"minecraft:damage_dealt":20922,"minecraft:swim_one_cm":215914,"minecraft:fly_one_cm":998176,"minecraft:player_kills":3,"minecraft:open_chest":16,"minecraft:crouch_one_cm":8043,"minecraft:interact_with_smoker":1,"minecraft:fall_one_cm":126364},"minecraft:crafted":{"minecraft:oak_planks":6,"minecraft:bone_meal":1,"butchersdelight:roaster":1,"minecraft:stone_pickaxe":1,"soulsweapons:bluemoon_shortsword":1,"minecraft:crafting_table":1,"minecraft:wooden_pickaxe":1,"minecraft:stone_axe":1,"minecraft:air":40,"minecraft:stick":12,"minecraft:stone_sword":1,"minecraft:iron_leggings":1},"minecraft:picked_up":{"minecraft:iron_chestplate":8,"minecraft:music_disc_strad":1,"minecraft:crafting_table":3,"minecraft:wheat":6,"minecraft:azure_bluet":1,"minecraft:creeper_head":1,"minecraft:prismarine_shard":5,"minecraft:leather_leggings":2,"farm_and_charm:kernels":3,"aether:iron_gloves":3,"minecraft:wooden_pickaxe":3,"soulsweapons:moonstone":8,"samurai_dynasty:kitsune_hide":8,"relics:amphibian_boot":1,"minecraft:enchanted_book":2,"minecraft:golden_shovel":2,"minecraft:diamond_horse_armor":1,"minecraft:shield":6,"epicfight:stray_pants":2,"aether:leather_gloves":2,"soul_like_armors_reworked:rustysteel_chestplate":2,"minecraft:string":28,"minecraft:red_bed":4,"minecraft:iron_axe":9,"epicfight:stray_hat":2,"minecraft:iron_leggings":1,"minecraft:iron_shovel":9,"butchersdelight:dead_cow":21,"minecraft:oak_sign":1,"minecraft:beetroot":28,"wom:diamond_crown":2,"minecraft:cobbled_deepslate":84,"minecraft:bucket":1,"minecraft:spruce_planks":10,"soul_like_armors_reworked:dagger":2,"minecraft:iron_nugget":42,"minecraft:iron_pickaxe":9,"minecraft:spruce_slab":10,"quark:yellow_blossom_sapling":4,"biomesoplenty:wildflower":1,"farmersdelight:cabbage_seeds":2,"minecraft:iron_boots":6,"minecraft:furnace":4,"minecraft:dark_oak_sapling":6,"minecraft:stick":125,"minecraft:raw_iron":15,"naturalist:duck":4,"minecraft:torch":18,"minecraft:bowl":2,"wom:diamond_armbracelet":7,"epicfight:skillbook":4,"minecraft:sandstone_wall":9,"quark:blossom_log":88,"minecraft:carrot":2,"minecraft:prismarine_crystals":4,"soul_like_armors_reworked:northknight_boots":2,"soul_like_armors_reworked:estusflask":146,"wom:tormented_mind":1,"minecraft:stone_sword":3,"minecraft:arrow":68,"butchersdelight:deadsheep":5,"minecraft:rotten_flesh":77,"minecraft:beetroot_seeds":1,"soul_like_armors_reworked:northknight_chestplate":2,"farmersdelight:rope":3,"minecraft:saddle":3,"biomesoplenty:redwood_sapling":12,"butchersdelight:roaster":4,"epicfight:stray_robe":3,"minecraft:bone_block":2,"minecraft:cod":6,"minecraft:white_wool":9,"minecraft:cobblestone":84,"samurai_dynasty:kitsune_tail":7,"minecraft:feather":3,"minecraft:basalt":10,"minecraft:glow_ink_sac":4,"minecraft:tripwire_hook":5,"minecraft:andesite":8,"soul_like_armors_reworked:darkknighttrident":2,"samurai_dynasty:jade":6,"minecraft:potato":254,"butchersdelight:deadpig":7,"minecraft:tuff":14,"create:raw_zinc":36,"minecraft:oak_log":181,"supplementaries:flax_seeds":12,"minecraft:gunpowder":8,"minecraft:dirt":135,"minecraft:name_tag":1,"minecraft:cooked_mutton":238,"soul_like_armors_reworked:rustyshield":1,"minecraft:bone":123,"samurai_dynasty:cloth":1,"minecraft:kelp":100,"minecraft:bow":7,"minecraft:wheat_seeds":40,"soul_like_armors_reworked:dark_knight_helmet":1,"minecraft:iron_ingot":56,"minecraft:stone_pickaxe":1,"minecraft:iron_ore":58,"travelersbackpack:coal":1,"weaponmaster:tutorialbook":5,"wom:diamond_legbottomseal":2,"minecraft:iron_sword":2,"minecraft:oak_planks":33,"wom:golden_chrono":2,"soulsweapons:bluemoon_shortsword":1,"magistuarmory:minicrown_decoration":2,"minecraft:sweet_berries":20,"minecraft:quartz":20,"minecraft:oak_pressure_plate":2,"minecraft:gravel":8,"samurai_dynasty:silver_ingot":2,"epicfight:uchigatana":7,"minecraft:spruce_sapling":8,"minecraft:white_bed":1,"minecraft:spruce_log":3,"farmersdelight:cooked_mutton_chops":103,"minecraft:trapped_chest":2,"minecraft:spider_eye":6,"minecraft:light_gray_concrete":2,"beachparty:rubber_ring_pelican":3,"minecraft:campfire":1,"minecraft:stone_axe":2,"wom:diamond_legtopseal":2,"minecraft:iron_helmet":2,"minecraft:granite":2,"minecraft:bone_meal":27,"minecraft:golden_apple":5,"minecraft:bread":16,"minecraft:baked_potato":23,"butchersdelight:hook":1,"minecraft:oak_sapling":10,"wom:satsujin":2,"minecraft:black_wool":2,"soul_like_armors_reworked:northknight_leggings":1,"minecraft:coal":2,"minecraft:diamond_pickaxe":1},"minecraft:killed_by":{"minecraft:husk":7,"minecraft:player":6,"minecraft:creeper":1,"minecraft:spider":1,"minecraft:drowned":3,"minecraft:warden":4,"minecraft:silverfish":1,"cataclysm:deepling_brute":1,"minecraft:skeleton":5,"minecraft:guardian":1,"minecraft:zombie":10},"minecraft:killed":{"minecraft:cave_spider":1,"minecraft:spider":6,"minecraft:dolphin":1,"samurai_dynasty:komainu":1,"naturalist:duck":1,"minecraft:skeleton":26,"minecraft:guardian":2,"minecraft:silverfish":2,"minecraft:drowned":6,"samurai_dynasty:kitsune":2,"minecraft:husk":1,"minecraft:creeper":4,"minecraft:sheep":3,"minecraft:zombie":21,"naturalist:sparrow":2,"minecraft:enderman":1},"minecraft:used":{"wom:satsujin":195,"minecraft:stone_sword":72,"minecraft:iron_shovel":100,"minecraft:spruce_planks":4,"minecraft:shield":22,"butchersdelight:hook":1,"minecraft:iron_sword":124,"soul_like_armors_reworked:estusflask":82,"minecraft:iron_chestplate":2,"minecraft:torch":5,"minecraft:dirt":19,"minecraft:carrot":1,"minecraft:tuff":1,"soul_like_armors_reworked:dagger":4,"wom:diamond_armbracelet":1,"minecraft:iron_axe":94,"minecraft:iron_boots":2,"minecraft:bow":4,"minecraft:furnace":1,"farmersdelight:cooked_mutton_chops":17,"minecraft:cobbled_deepslate":4,"minecraft:cooked_mutton":47,"epicfight:skillbook":4,"minecraft:stone_pickaxe":20,"minecraft:oak_planks":23,"minecraft:wooden_pickaxe":9,"soulsweapons:bluemoon_shortsword":18,"minecraft:crafting_table":1,"minecraft:campfire":1,"smallships:oak_brigg":1,"minecraft:oak_log":7,"minecraft:diamond_pickaxe":3,"minecraft:light_gray_concrete":1,"minecraft:bread":9,"minecraft:string":2,"minecraft:suspicious_stew":1,"minecraft:iron_pickaxe":62,"butchersdelight:roaster":3,"minecraft:gravel":7,"minecraft:stone_axe":16,"minecraft:cobblestone":35,"epicfight:uchigatana":303},"minecraft:dropped":{"minecraft:bread":1,"minecraft:iron_ingot":5,"minecraft:iron_sword":1,"butchersdelight:dead_cow":1,"minecraft:baked_potato":12,"travelersbackpack:coal":3,"soul_like_armors_reworked:northknight_leggings":2,"weaponmaster:tutorialbook":1,"soul_like_armors_reworked:estusflask":1,"minecraft:feather":1,"samurai_dynasty:iron_samurai_helmet":2,"epicfight:stray_hat":1,"minecraft:golden_apple":2,"samurai_dynasty:kitsune_hide":4,"minecraft:cod":2,"minecraft:stick":8,"minecraft:diamond_horse_armor":1,"minecraft:dirt":20,"minecraft:torch":12,"soul_like_armors_reworked:northknight_boots":4,"quark:blossom_log":22,"soul_like_armors_reworked:northknight_chestplate":4,"farmersdelight:cooked_mutton_chops":1,"relics:amphibian_boot":1,"minecraft:iron_leggings":1,"minecraft:iron_axe":1,"wom:tormented_mind":3,"epicfight:stray_robe":2,"minecraft:string":6,"minecraft:bucket":1,"minecraft:white_wool":2,"create:raw_zinc":18,"epicfight:stray_pants":1,"minecraft:spruce_sapling":3,"minecraft:bone":10,"minecraft:gravel":1,"minecraft:creeper_head":3,"epicfight:uchigatana":6,"soul_like_armors_reworked:northknight_helmet":1,"minecraft:cobbled_deepslate":122,"biomesoplenty:redwood_sapling":5,"butchersdelight:deadsheep":2,"minecraft:raw_iron":6,"farmersdelight:cabbage_seeds":2,"minecraft:rotten_flesh":25,"magistuarmory:minicrown_decoration":3,"biomesoplenty:redwood_planks":26,"aether:leather_gloves":1,"minecraft:iron_boots":2,"minecraft:name_tag":1,"minecraft:cooked_mutton":9,"soul_like_armors_reworked:rustyshield":2,"minecraft:gunpowder":1,"minecraft:diamond_pickaxe":3,"minecraft:spruce_planks":1,"minecraft:iron_chestplate":1,"minecraft:andesite":4,"magistuarmory:ceremonial_chestplate":1,"soul_like_armors_reworked:dagger":2,"farmersdelight:rope":3,"minecraft:leather_leggings":1},"minecraft:mined":{"create:zinc_ore":8,"minecraft:tuff":10,"minecraft:white_bed":1,"biomesoplenty:desert_grass":1,"minecraft:jungle_leaves":2,"minecraft:grass_block":54,"minecraft:spruce_leaves":3,"minecraft:furnace":5,"treechop:chopped_log":3,"minecraft:azure_bluet":2,"minecraft:deepslate_iron_ore":3,"biomesoplenty:high_grass":98,"biomesoplenty:barley":7,"minecraft:stone":39,"minecraft:deepslate_redstone_ore":1,"minecraft:kelp_plant":2,"biomesoplenty:wildflower":1,"minecraft:basalt":2,"butchersdelight:roaster_sheep_roasted":1,"farm_and_charm:wild_beetroots":7,"minecraft:crafting_table":2,"minecraft:torch":1,"biomesoplenty:high_grass_plant":159,"minecraft:tall_grass":33,"minecraft:cobblestone":3,"biomesoplenty:sprout":5,"biomesoplenty:huge_clover_petal":20,"minecraft:oak_planks":4,"minecraft:wall_torch":2,"minecraft:trapped_chest":2,"minecraft:sweet_berry_bush":8,"biomesoplenty:pink_daffodil":1,"minecraft:spruce_log":3,"minecraft:grass":170,"biomesoplenty:clover":50,"minecraft:gravel":8,"minecraft:dirt":20,"minecraft:cobweb":5,"minecraft:deepslate":16,"minecraft:fern":4}},"DataVersion":3465}