{"stats":{"minecraft:picked_up":{"soulsweapons:darkin_scythe":1,"soulsweapons:bluemoon_shortsword":1,"minecraft:tipped_arrow":1,"minecraft:stick":1,"soulsweapons:nightfall":1,"minecraft:leather":2,"minecraft:oak_log":1,"weaponmaster:taglockkit":1,"minecraft:bone":4,"minecraft:rotten_flesh":1,"minecraft:stone_pickaxe":1,"weaponmaster:tutorialbook":2,"minecraft:sugar_cane":2,"minecraft:cobblestone":28},"minecraft:custom":{"minecraft:sprint_one_cm":31500,"minecraft:damage_taken":200,"minecraft:walk_one_cm":138693,"minecraft:mob_kills":7,"minecraft:drop":5,"minecraft:damage_dealt":1295,"minecraft:swim_one_cm":772,"minecraft:player_kills":2,"minecraft:fly_one_cm":171904,"minecraft:crouch_one_cm":1841,"minecraft:play_time":89609,"minecraft:sneak_time":615,"minecraft:walk_under_water_one_cm":32027,"minecraft:aviate_one_cm":900031,"minecraft:jump":487,"minecraft:leave_game":8,"minecraft:walk_on_water_one_cm":7452,"minecraft:time_since_death":89609,"minecraft:climb_one_cm":6293,"minecraft:total_world_time":89609,"minecraft:fall_one_cm":8077,"minecraft:time_since_rest":89609},"minecraft:mined":{"minecraft:powder_snow":8,"minecraft:grass":2},"minecraft:killed":{"minecraft:horse":2,"minecraft:zombie":3,"minecraft:stray":2},"minecraft:dropped":{"soulsweapons:bluemoon_shortsword":2,"soulsweapons:darkin_scythe":1,"weaponmaster:taglockkit":1,"soulsweapons:nightfall":1},"minecraft:used":{"soulsweapons:darkin_blade":4,"soulsweapons:darkin_scythe":2,"minecraft:firework_rocket":250,"soulsweapons:darkin_scythe_pre":2,"weaponmaster:wm_broadsword":2,"weaponmaster:workstation":1,"soulsweapons:master_sword":3,"soulsweapons:nightfall":1}},"DataVersion":3465}