{"stats":{"minecraft:killed_by":{"minecraft:creeper":2,"minecraft:drowned":3,"minecraft:silverfish":1,"cataclysm:deepling_brute":1,"minecraft:zombie":10,"minecraft:husk":7,"minecraft:player":6,"minecraft:spider":1,"minecraft:warden":4,"minecraft:skeleton":5,"minecraft:guardian":1},"minecraft:mined":{"minecraft:white_bed":1,"minecraft:jungle_leaves":2,"minecraft:grass_block":62,"supplementaries:ash":14,"minecraft:fire":3,"minecraft:azure_bluet":2,"minecraft:deepslate_redstone_ore":1,"minecraft:kelp_plant":2,"biomesoplenty:wildflower":1,"butchersdelight:roaster_sheep_roasted":1,"farm_and_charm:wild_beetroots":7,"minecraft:torch":1,"minecraft:glass":3,"minecraft:cobblestone":3,"minecraft:oak_planks":4,"minecraft:wall_torch":2,"minecraft:grass":192,"biomesoplenty:clover":54,"minecraft:sand":9,"minecraft:dirt":37,"minecraft:deepslate":16,"create:zinc_ore":8,"minecraft:tuff":10,"biomesoplenty:desert_grass":1,"butchersdelight:deadsheepblock":2,"minecraft:spruce_leaves":8,"minecraft:furnace":5,"treechop:chopped_log":5,"biomesoplenty:high_grass":128,"minecraft:deepslate_iron_ore":3,"biomesoplenty:barley":7,"minecraft:stone":39,"minecraft:basalt":2,"minecraft:crafting_table":2,"biomesoplenty:high_grass_plant":202,"minecraft:tall_grass":33,"biomesoplenty:sprout":8,"biomesoplenty:huge_clover_petal":21,"minecraft:trapped_chest":2,"minecraft:sweet_berry_bush":9,"biomesoplenty:pink_daffodil":1,"minecraft:spruce_log":24,"minecraft:gravel":8,"minecraft:cobweb":5,"minecraft:fern":4},"minecraft:custom":{"minecraft:interact_with_crafting_table":10,"minecraft:open_barrel":6,"minecraft:leave_game":8,"minecraft:time_since_death":20386,"minecraft:sprint_one_cm":614553,"minecraft:damage_blocked_by_shield":655,"minecraft:drop":156,"minecraft:play_time":534101,"minecraft:deaths":42,"minecraft:jump":6178,"minecraft:walk_on_water_one_cm":158866,"minecraft:interact_with_furnace":6,"minecraft:sleep_in_bed":2,"minecraft:damage_dealt":23289,"minecraft:player_kills":3,"minecraft:crouch_one_cm":9860,"minecraft:interact_with_smoker":1,"minecraft:interact_with_anvil":1,"minecraft:mob_kills":87,"minecraft:climb_one_cm":21661,"minecraft:walk_one_cm":1530696,"minecraft:sneak_time":4971,"minecraft:walk_under_water_one_cm":138316,"minecraft:boat_one_cm":15208,"minecraft:total_world_time":534101,"minecraft:interact_with_grindstone":1,"minecraft:time_since_rest":20414,"minecraft:damage_taken":21791,"minecraft:trigger_trapped_chest":12,"minecraft:swim_one_cm":226652,"minecraft:fly_one_cm":1084493,"minecraft:open_chest":16,"minecraft:fall_one_cm":153868},"minecraft:killed":{"minecraft:cave_spider":1,"minecraft:spider":6,"minecraft:dolphin":1,"samurai_dynasty:komainu":1,"minecraft:skeleton":28,"minecraft:guardian":2,"minecraft:silverfish":2,"samurai_dynasty:kitsune":2,"minecraft:parrot":1,"minecraft:creeper":4,"minecraft:sheep":4,"minecraft:zombie":21,"naturalist:duck":1,"minecraft:drowned":7,"minecraft:husk":1,"naturalist:butterfly":1,"naturalist:sparrow":2,"minecraft:enderman":1},"minecraft:dropped":{"minecraft:iron_sword":1,"butchersdelight:dead_cow":1,"minecraft:baked_potato":12,"soul_like_armors_reworked:northknight_leggings":2,"soul_like_armors_reworked:estusflask":1,"samurai_dynasty:iron_samurai_helmet":2,"soul_like_armors_reworked:dark_knight_boots":3,"epicfight:stray_hat":1,"minecraft:cod":2,"samurai_dynasty:kitsune_hide":4,"minecraft:dirt":22,"soul_like_armors_reworked:northknight_boots":4,"butchersdelightfoods:legcow":1,"soul_like_armors_reworked:northknight_chestplate":4,"relics:amphibian_boot":1,"farmersdelight:cooked_mutton_chops":1,"wom:tormented_mind":3,"minecraft:white_wool":2,"epicfight:stray_robe":2,"butchersdelight:cow_hide":1,"minecraft:bone":10,"minecraft:gravel":1,"biomesoplenty:redwood_sapling":5,"minecraft:cobbled_deepslate":122,"butchersdelight:deadsheep":2,"minecraft:rotten_flesh":25,"magistuarmory:minicrown_decoration":3,"aether:leather_gloves":1,"minecraft:cooked_mutton":9,"travelersbackpack:iron":1,"soul_like_armors_reworked:rustyshield":2,"minecraft:gunpowder":1,"butchersdelightfoods:beeftenderloin":1,"soul_like_armors_reworked:dagger":2,"soul_like_armors_reworked:dark_knight_helmet":5,"minecraft:leather_leggings":1,"farmersdelight:rope":3,"soul_like_armors_reworked:dark_knight_chestplate":5,"minecraft:iron_ingot":5,"minecraft:bread":1,"travelersbackpack:coal":3,"magistuarmory:silver_chainmorgenstern":1,"weaponmaster:tutorialbook":1,"minecraft:feather":1,"minecraft:golden_apple":2,"minecraft:stick":8,"minecraft:diamond_horse_armor":1,"quark:blossom_log":22,"minecraft:torch":12,"minecraft:iron_leggings":1,"soul_like_armors_reworked:dark_knight_leggings":6,"minecraft:iron_axe":2,"minecraft:iron_shovel":1,"minecraft:string":6,"butchersdelight:deadpig":1,"minecraft:bucket":1,"create:raw_zinc":18,"epicfight:stray_pants":1,"minecraft:spruce_sapling":3,"minecraft:creeper_head":3,"epicfight:uchigatana":7,"soul_like_armors_reworked:northknight_helmet":1,"minecraft:raw_iron":6,"farmersdelight:cabbage_seeds":2,"biomesoplenty:redwood_planks":26,"minecraft:iron_boots":2,"soul_like_armors_reworked:darkknightshield":1,"minecraft:name_tag":1,"soul_like_armors_reworked:darkknighttrident":3,"soul_like_armors_reworked:darkknightsword":1,"minecraft:spruce_planks":1,"minecraft:diamond_pickaxe":3,"minecraft:iron_chestplate":1,"minecraft:andesite":4,"magistuarmory:ceremonial_chestplate":1},"minecraft:crafted":{"minecraft:oak_planks":6,"minecraft:crafting_table":1,"minecraft:wooden_pickaxe":1,"minecraft:stick":12,"minecraft:stone_sword":1,"minecraft:bone_meal":1,"butchersdelight:roaster":1,"minecraft:stone_pickaxe":1,"soulsweapons:bluemoon_shortsword":1,"minecraft:stone_axe":1,"minecraft:air":40,"minecraft:iron_leggings":1},"minecraft:picked_up":{"minecraft:music_disc_strad":1,"minecraft:iron_chestplate":8,"minecraft:wheat":6,"butchersdelightfoods:legcow":1,"minecraft:creeper_head":1,"minecraft:prismarine_shard":5,"farm_and_charm:kernels":3,"aether:iron_gloves":3,"soulsweapons:moonstone":8,"minecraft:enchanted_book":2,"minecraft:golden_shovel":2,"soul_like_armors_reworked:rustysteel_chestplate":2,"minecraft:string":28,"minecraft:iron_leggings":1,"minecraft:oak_sign":1,"minecraft:beetroot":28,"minecraft:cobbled_deepslate":84,"minecraft:bucket":1,"minecraft:spruce_planks":10,"soul_like_armors_reworked:dagger":2,"minecraft:iron_pickaxe":9,"farmersdelight:cabbage_seeds":2,"minecraft:furnace":4,"minecraft:iron_boots":6,"minecraft:stick":130,"minecraft:torch":18,"minecraft:sandstone_wall":9,"epicfight:skillbook":4,"quark:blossom_log":88,"soul_like_armors_reworked:northknight_boots":2,"travelersbackpack:iron":2,"minecraft:stone_sword":3,"wom:tormented_mind":1,"quark:clear_shard":8,"minecraft:rotten_flesh":78,"soul_like_armors_reworked:northknight_chestplate":2,"farmersdelight:rope":3,"supplementaries:ash":24,"epicfight:stray_robe":3,"minecraft:cod":6,"minecraft:cobblestone":84,"minecraft:feather":5,"butchersdelightfoods:beeftenderloin":1,"minecraft:andesite":8,"minecraft:potato":254,"butchersdelight:deadpig":7,"minecraft:tuff":14,"create:raw_zinc":36,"supplementaries:flax_seeds":12,"minecraft:dirt":162,"minecraft:name_tag":1,"magistuarmory:silver_chainmorgenstern":1,"minecraft:bone":125,"butchersdelightfoods:cookedbeefribs":1,"minecraft:bow":7,"samurai_dynasty:cloth":1,"minecraft:wheat_seeds":41,"soul_like_armors_reworked:dark_knight_helmet":5,"wom:diamond_legbottomseal":2,"minecraft:oak_planks":33,"magistuarmory:minicrown_decoration":2,"minecraft:oak_pressure_plate":2,"butchersdelight:cow_hide":1,"minecraft:sand":9,"samurai_dynasty:silver_ingot":2,"soul_like_armors_reworked:dark_knight_leggings":4,"minecraft:ink_sac":1,"minecraft:trapped_chest":2,"farmersdelight:cooked_mutton_chops":103,"minecraft:light_gray_concrete":2,"beachparty:rubber_ring_pelican":3,"soul_like_armors_reworked:dark_knight_boots":2,"minecraft:granite":2,"minecraft:bone_meal":27,"minecraft:golden_apple":5,"minecraft:bread":16,"butchersdelight:hook":1,"minecraft:oak_sapling":10,"soul_like_armors_reworked:northknight_leggings":1,"wom:satsujin":2,"minecraft:diamond_pickaxe":1,"minecraft:crafting_table":3,"minecraft:azure_bluet":1,"minecraft:leather_leggings":2,"minecraft:wooden_pickaxe":3,"relics:amphibian_boot":1,"samurai_dynasty:kitsune_hide":8,"minecraft:diamond_horse_armor":1,"minecraft:shield":6,"epicfight:stray_pants":2,"aether:leather_gloves":2,"minecraft:red_bed":4,"minecraft:iron_axe":10,"epicfight:stray_hat":2,"minecraft:iron_shovel":10,"butchersdelight:dead_cow":21,"wom:diamond_crown":2,"minecraft:iron_nugget":42,"minecraft:spruce_slab":10,"quark:yellow_blossom_sapling":4,"biomesoplenty:wildflower":1,"minecraft:diamond_hoe":1,"minecraft:dark_oak_sapling":6,"minecraft:raw_iron":15,"naturalist:duck":4,"minecraft:copper_ingot":1,"minecraft:bowl":2,"wom:diamond_armbracelet":7,"minecraft:carrot":2,"minecraft:prismarine_crystals":4,"soul_like_armors_reworked:estusflask":146,"butchersdelight:deadsheep":8,"minecraft:arrow":70,"minecraft:beetroot_seeds":1,"minecraft:saddle":3,"biomesoplenty:redwood_sapling":12,"butchersdelight:roaster":4,"minecraft:white_wool":10,"minecraft:bone_block":2,"samurai_dynasty:kitsune_tail":7,"minecraft:basalt":10,"minecraft:tripwire_hook":5,"minecraft:glow_ink_sac":4,"samurai_dynasty:jade":6,"soul_like_armors_reworked:darkknighttrident":4,"minecraft:oak_log":181,"minecraft:gunpowder":8,"minecraft:cooked_mutton":238,"soul_like_armors_reworked:rustyshield":1,"minecraft:kelp":100,"minecraft:iron_ingot":56,"minecraft:stone_pickaxe":1,"minecraft:iron_ore":58,"travelersbackpack:coal":1,"weaponmaster:tutorialbook":5,"minecraft:iron_sword":2,"soulsweapons:bluemoon_shortsword":1,"wom:golden_chrono":2,"minecraft:sweet_berries":22,"minecraft:quartz":20,"minecraft:gravel":8,"epicfight:uchigatana":7,"minecraft:spruce_sapling":16,"minecraft:white_bed":1,"minecraft:spruce_log":31,"minecraft:spider_eye":6,"soul_like_armors_reworked:dark_knight_chestplate":3,"minecraft:campfire":1,"minecraft:stone_axe":2,"wom:diamond_legtopseal":2,"minecraft:iron_helmet":2,"minecraft:baked_potato":23,"minecraft:black_wool":2,"minecraft:coal":2},"minecraft:used":{"wom:satsujin":274,"minecraft:iron_shovel":160,"minecraft:shield":22,"minecraft:iron_sword":124,"butchersdelight:hook":1,"minecraft:iron_chestplate":2,"minecraft:carrot":1,"minecraft:tuff":1,"wom:diamond_armbracelet":1,"minecraft:bow":4,"minecraft:furnace":1,"epicfight:skillbook":4,"minecraft:stone_pickaxe":20,"minecraft:oak_planks":23,"minecraft:wooden_pickaxe":9,"minecraft:sand":2,"soulsweapons:bluemoon_shortsword":18,"minecraft:light_gray_concrete":1,"minecraft:bread":9,"minecraft:string":2,"butchersdelight:roaster":3,"minecraft:gravel":7,"minecraft:stone_sword":72,"minecraft:spruce_planks":4,"soul_like_armors_reworked:estusflask":95,"minecraft:torch":5,"minecraft:dirt":41,"minecraft:anvil":1,"soul_like_armors_reworked:dagger":4,"minecraft:iron_axe":142,"minecraft:iron_boots":2,"minecraft:golden_carrot":1,"farmersdelight:cooked_mutton_chops":32,"minecraft:cobbled_deepslate":4,"minecraft:cooked_mutton":47,"minecraft:crafting_table":1,"minecraft:campfire":1,"smallships:oak_brigg":1,"minecraft:oak_log":7,"minecraft:diamond_pickaxe":3,"minecraft:iron_pickaxe":62,"minecraft:suspicious_stew":1,"minecraft:stone_axe":16,"minecraft:cobblestone":35,"epicfight:uchigatana":303}},"DataVersion":3465}