{"stats":{"minecraft:mined":{"treechop:chopped_log":1,"minecraft:grass":2,"minecraft:grass_block":2},"minecraft:killed":{"minecraft:skeleton":1,"minecraft:zombie":3,"minecraft:spider":2,"soulsweapons:remnant":14,"soulsweapons:dark_sorcerer":7},"minecraft:custom":{"minecraft:time_since_rest":5427,"minecraft:waystone_activated":1,"minecraft:sprint_one_cm":50012,"minecraft:damage_absorbed":476,"minecraft:damage_taken":4214,"minecraft:walk_one_cm":215308,"minecraft:mob_kills":39,"minecraft:drop":2,"minecraft:damage_dealt":7555,"minecraft:swim_one_cm":325,"minecraft:fly_one_cm":315162,"minecraft:open_chest":5,"minecraft:crouch_one_cm":1177,"minecraft:play_time":69300,"minecraft:deaths":9,"minecraft:sneak_time":1606,"minecraft:walk_under_water_one_cm":1690,"minecraft:boat_one_cm":2203,"minecraft:jump":294,"minecraft:leave_game":1,"minecraft:time_since_death":5382,"minecraft:walk_on_water_one_cm":9909,"minecraft:climb_one_cm":2518,"minecraft:total_world_time":69300,"minecraft:fall_one_cm":16083},"minecraft:used":{"wom:satsujin":160,"minecraft:oak_log":5,"samurai_dynasty:wakizashi":19,"minecraft:red_wool":2,"minecraft:iron_axe":7,"minecraft:grass_block":4,"soulsweapons:soul_ingot_boots":1,"samurai_dynasty:odachi_netherite":13,"wom:wooden_staff":20,"minecraft:mud_bricks":4,"minecraft:stone_brick_stairs":34,"minecraft:stone_bricks":36,"smallships:oak_cog":1,"minecraft:golden_apple":19,"samurai_dynasty:netherite_samurai_boots":1,"minecraft:egg":2},"minecraft:picked_up":{"minecraft:stick":1,"minecraft:clay_ball":3,"soulsweapons:soul_ingot_leggings":1,"samurai_dynasty:netherite_samurai_helmet":2,"samurai_dynasty:odachi_netherite":2,"minecraft:sand":2,"minecraft:oak_log":5,"minecraft:shield":1,"soulsweapons:soul_robes_chestplate":3,"soulsweapons:soul_robes_boots":1,"soulsweapons:soul_ingot":11,"epicfight:stray_pants":1,"minecraft:spider_eye":1,"minecraft:dirt":12,"minecraft:string":1,"samurai_dynasty:netherite_samurai_boots":2,"samurai_dynasty:netherite_samurai_chestplate":2,"soulsweapons:soul_ingot_helmet":1,"minecraft:rotten_flesh":1,"soulsweapons:lost_soul":11,"minecraft:golden_apple":126,"soulsweapons:soul_ingot_chestplate":1,"minecraft:oak_sapling":5,"epicfight:stray_robe":1,"soulsweapons:soul_ingot_boots":3,"wom:satsujin":2,"samurai_dynasty:netherite_samurai_leggings":2,"minecraft:egg":2},"minecraft:dropped":{"epicfight:stray_robe":1,"epicfight:stray_pants":1},"minecraft:killed_by":{"soulsweapons:returning_knight":7,"minecraft:skeleton":1}},"DataVersion":3465}