{"stats":{"minecraft:killed":{"minecraft:horse":2,"minecraft:zombie":3,"minecraft:stray":2},"minecraft:picked_up":{"weaponmaster:taglockkit":1,"minecraft:tipped_arrow":1,"minecraft:bone":4,"minecraft:rotten_flesh":1,"minecraft:leather":2,"minecraft:sugar_cane":2},"minecraft:custom":{"minecraft:time_since_rest":36303,"minecraft:crouch_one_cm":1841,"minecraft:sprint_one_cm":23003,"minecraft:play_time":36303,"minecraft:damage_taken":130,"minecraft:walk_one_cm":97202,"minecraft:sneak_time":532,"minecraft:walk_under_water_one_cm":27833,"minecraft:mob_kills":7,"minecraft:drop":1,"minecraft:aviate_one_cm":896963,"minecraft:jump":297,"minecraft:damage_dealt":860,"minecraft:leave_game":2,"minecraft:walk_on_water_one_cm":5702,"minecraft:time_since_death":36303,"minecraft:total_world_time":36303,"minecraft:climb_one_cm":6293,"minecraft:fall_one_cm":5171,"minecraft:fly_one_cm":123900},"minecraft:used":{"soulsweapons:darkin_blade":4,"minecraft:firework_rocket":250,"soulsweapons:master_sword":3,"soulsweapons:darkin_scythe_pre":2,"weaponmaster:wm_broadsword":2,"weaponmaster:workstation":1},"minecraft:dropped":{"weaponmaster:taglockkit":1},"minecraft:mined":{"minecraft:grass":2,"minecraft:powder_snow":8}},"DataVersion":3465}