{"stats":{"minecraft:custom":{"minecraft:time_since_rest":16458,"minecraft:sprint_one_cm":40224,"minecraft:damage_taken":320,"minecraft:walk_one_cm":45258,"minecraft:mob_kills":8,"minecraft:damage_dealt":843,"minecraft:swim_one_cm":10821,"minecraft:interact_with_crafting_table":2,"minecraft:fly_one_cm":81258,"minecraft:open_chest":3,"minecraft:play_time":16458,"minecraft:sneak_time":2,"minecraft:walk_under_water_one_cm":2302,"minecraft:jump":400,"minecraft:leave_game":2,"minecraft:walk_on_water_one_cm":3096,"minecraft:time_since_death":16458,"minecraft:total_world_time":16458,"minecraft:fall_one_cm":9933},"minecraft:used":{"minecraft:stone_sword":18,"minecraft:oak_planks":3,"minecraft:suspicious_stew":1,"minecraft:wooden_pickaxe":9,"minecraft:stone_axe":11,"minecraft:dirt":4},"minecraft:crafted":{"minecraft:oak_planks":6,"minecraft:stick":8,"minecraft:wooden_pickaxe":1,"minecraft:stone_pickaxe":1,"minecraft:stone_sword":1,"minecraft:stone_axe":1,"minecraft:air":28},"minecraft:mined":{"treechop:chopped_log":2,"minecraft:crafting_table":1,"minecraft:grass":5,"minecraft:grass_block":4,"biomesoplenty:barley":5,"minecraft:stone":8},"minecraft:picked_up":{"minecraft:stick":14,"minecraft:crafting_table":1,"naturalist:duck":1,"minecraft:oak_log":51,"minecraft:dirt":4,"minecraft:bone":1,"minecraft:arrow":2,"butchersdelight:deadsheep":3,"minecraft:wheat_seeds":1,"minecraft:oak_sapling":10,"minecraft:white_wool":3,"minecraft:cobblestone":8},"minecraft:killed":{"minecraft:skeleton":1,"minecraft:sheep":3,"minecraft:zombie":1,"naturalist:sparrow":2,"naturalist:duck":1}},"DataVersion":3465}