{"stats":{"minecraft:crafted":{"minecraft:oak_planks":6,"minecraft:wooden_pickaxe":1,"minecraft:stone_axe":1,"minecraft:air":29,"butchersdelight:roaster":1,"minecraft:stick":8,"minecraft:stone_pickaxe":1,"minecraft:stone_sword":1},"minecraft:picked_up":{"minecraft:crafting_table":1,"minecraft:wheat":4,"minecraft:tripwire_hook":2,"farm_and_charm:kernels":2,"samurai_dynasty:jade":4,"minecraft:wooden_pickaxe":2,"soulsweapons:moonstone":4,"minecraft:tuff":14,"minecraft:oak_log":142,"supplementaries:flax_seeds":6,"minecraft:shield":2,"minecraft:dirt":8,"minecraft:string":6,"minecraft:cooked_mutton":8,"minecraft:bone":4,"minecraft:bow":2,"minecraft:wheat_seeds":2,"minecraft:cobbled_deepslate":5,"minecraft:stone_pickaxe":1,"weaponmaster:tutorialbook":2,"minecraft:oak_planks":26,"minecraft:raw_iron":6,"minecraft:stick":14,"naturalist:duck":3,"minecraft:bowl":2,"minecraft:carrot":2,"minecraft:spider_eye":1,"minecraft:stone_sword":2,"minecraft:arrow":2,"butchersdelight:deadsheep":5,"minecraft:rotten_flesh":7,"minecraft:stone_axe":1,"minecraft:baked_potato":23,"minecraft:oak_sapling":10,"butchersdelight:roaster":3,"minecraft:white_wool":6,"minecraft:cobblestone":8},"minecraft:used":{"minecraft:cooked_mutton":7,"minecraft:stone_sword":72,"minecraft:stone_pickaxe":20,"minecraft:oak_planks":16,"minecraft:shield":15,"minecraft:wooden_pickaxe":9,"minecraft:dirt":4,"minecraft:carrot":1,"minecraft:oak_log":7,"minecraft:suspicious_stew":1,"butchersdelight:roaster":2,"minecraft:stone_axe":16},"minecraft:mined":{"minecraft:tuff":10,"butchersdelight:roaster_sheep_roasted":1,"minecraft:crafting_table":1,"minecraft:grass_block":4,"minecraft:oak_planks":4,"treechop:chopped_log":2,"minecraft:grass":5,"minecraft:dirt":2,"minecraft:cobweb":5,"biomesoplenty:barley":7,"minecraft:stone":8,"minecraft:deepslate":5},"minecraft:killed":{"minecraft:cave_spider":1,"naturalist:duck":1,"minecraft:sheep":3,"minecraft:skeleton":2,"minecraft:zombie":8,"naturalist:sparrow":2},"minecraft:dropped":{"butchersdelight:deadsheep":2},"minecraft:killed_by":{"minecraft:player":2,"minecraft:spider":1,"minecraft:zombie":3},"minecraft:custom":{"minecraft:interact_with_furnace":1,"minecraft:mob_kills":17,"minecraft:interact_with_crafting_table":4,"minecraft:leave_game":2,"minecraft:time_since_death":11411,"minecraft:time_since_rest":11522,"minecraft:sprint_one_cm":130207,"minecraft:damage_taken":2340,"minecraft:walk_one_cm":203245,"minecraft:damage_blocked_by_shield":430,"minecraft:drop":1,"minecraft:damage_dealt":2983,"minecraft:swim_one_cm":12316,"minecraft:fly_one_cm":157164,"minecraft:open_chest":5,"minecraft:crouch_one_cm":711,"minecraft:play_time":58266,"minecraft:deaths":6,"minecraft:sneak_time":348,"minecraft:walk_under_water_one_cm":3959,"minecraft:boat_one_cm":7485,"minecraft:jump":919,"minecraft:walk_on_water_one_cm":6030,"minecraft:total_world_time":58266,"minecraft:fall_one_cm":23347}},"DataVersion":3465}