{"stats":{"minecraft:killed_by":{"minecraft:player":1,"minecraft:spider":1,"minecraft:zombie":2},"minecraft:custom":{"minecraft:interact_with_furnace":1,"minecraft:time_since_rest":5078,"minecraft:sprint_one_cm":115647,"minecraft:damage_taken":1279,"minecraft:walk_one_cm":156223,"minecraft:mob_kills":13,"minecraft:damage_dealt":2164,"minecraft:swim_one_cm":10821,"minecraft:interact_with_crafting_table":4,"minecraft:fly_one_cm":137287,"minecraft:open_chest":4,"minecraft:crouch_one_cm":472,"minecraft:play_time":40458,"minecraft:deaths":4,"minecraft:sneak_time":174,"minecraft:walk_under_water_one_cm":2320,"minecraft:boat_one_cm":7485,"minecraft:jump":757,"minecraft:leave_game":2,"minecraft:walk_on_water_one_cm":3886,"minecraft:time_since_death":5048,"minecraft:total_world_time":40458,"minecraft:fall_one_cm":21350},"minecraft:used":{"minecraft:cooked_mutton":2,"minecraft:stone_sword":53,"minecraft:stone_pickaxe":20,"minecraft:oak_planks":12,"minecraft:suspicious_stew":1,"minecraft:wooden_pickaxe":9,"butchersdelight:roaster":1,"minecraft:stone_axe":16,"minecraft:dirt":4},"minecraft:crafted":{"minecraft:oak_planks":6,"butchersdelight:roaster":1,"minecraft:stick":8,"minecraft:wooden_pickaxe":1,"minecraft:stone_pickaxe":1,"minecraft:stone_sword":1,"minecraft:stone_axe":1,"minecraft:air":29},"minecraft:mined":{"minecraft:tuff":10,"butchersdelight:roaster_sheep_roasted":1,"treechop:chopped_log":2,"minecraft:crafting_table":1,"minecraft:grass":5,"minecraft:grass_block":4,"minecraft:dirt":2,"minecraft:cobweb":5,"biomesoplenty:barley":7,"minecraft:stone":8,"minecraft:oak_planks":4,"minecraft:deepslate":5},"minecraft:picked_up":{"minecraft:raw_iron":6,"minecraft:stick":14,"minecraft:crafting_table":1,"minecraft:wheat":2,"naturalist:duck":2,"minecraft:tripwire_hook":1,"farm_and_charm:kernels":1,"samurai_dynasty:jade":2,"minecraft:bowl":2,"minecraft:wooden_pickaxe":1,"soulsweapons:moonstone":2,"minecraft:tuff":13,"minecraft:oak_log":96,"supplementaries:flax_seeds":4,"minecraft:carrot":1,"minecraft:shield":1,"minecraft:string":5,"minecraft:dirt":8,"minecraft:cooked_mutton":2,"minecraft:stone_sword":1,"minecraft:bone":2,"minecraft:arrow":2,"butchersdelight:deadsheep":5,"minecraft:rotten_flesh":2,"minecraft:stone_axe":1,"minecraft:cobbled_deepslate":3,"minecraft:wheat_seeds":2,"minecraft:stone_pickaxe":1,"weaponmaster:tutorialbook":1,"butchersdelight:roaster":2,"minecraft:oak_sapling":10,"minecraft:oak_planks":20,"minecraft:white_wool":6,"minecraft:cobblestone":8},"minecraft:killed":{"minecraft:skeleton":1,"minecraft:sheep":3,"minecraft:cave_spider":1,"minecraft:zombie":5,"naturalist:sparrow":2,"naturalist:duck":1}},"DataVersion":3465}