{"stats":{"minecraft:mined":{"minecraft:dandelion":1,"treechop:chopped_log":1,"minecraft:poppy":1,"minecraft:grass":15,"minecraft:grass_block":2,"minecraft:tall_grass":4},"minecraft:killed":{"minecraft:skeleton":1,"minecraft:zombie":3,"minecraft:spider":2,"soulsweapons:remnant":20,"soulsweapons:dark_sorcerer":9},"minecraft:custom":{"minecraft:time_since_rest":2117,"minecraft:waystone_activated":1,"minecraft:sprint_one_cm":71318,"minecraft:damage_absorbed":555,"minecraft:damage_taken":5408,"minecraft:walk_one_cm":266169,"minecraft:mob_kills":55,"minecraft:drop":2,"minecraft:damage_dealt":10833,"minecraft:swim_one_cm":325,"minecraft:fly_one_cm":341630,"minecraft:open_chest":15,"minecraft:play_time":76718,"minecraft:crouch_one_cm":1177,"minecraft:deaths":13,"minecraft:sneak_time":1606,"minecraft:walk_under_water_one_cm":1690,"minecraft:boat_one_cm":2203,"minecraft:jump":380,"minecraft:leave_game":1,"minecraft:time_since_death":2091,"minecraft:walk_on_water_one_cm":9909,"minecraft:climb_one_cm":2518,"minecraft:total_world_time":76718,"minecraft:fall_one_cm":18833},"minecraft:used":{"samurai_dynasty:wakizashi":19,"minecraft:oak_log":5,"wom:satsujin":241,"minecraft:red_wool":2,"minecraft:grass_block":4,"minecraft:iron_axe":7,"soulsweapons:soul_ingot_boots":1,"wom:wooden_staff":20,"samurai_dynasty:odachi_netherite":13,"minecraft:mud_bricks":4,"minecraft:stone_brick_stairs":34,"minecraft:stone_bricks":36,"smallships:oak_cog":1,"minecraft:golden_apple":20,"samurai_dynasty:netherite_samurai_boots":1,"minecraft:egg":2},"minecraft:picked_up":{"minecraft:stick":1,"minecraft:clay_ball":3,"soulsweapons:soul_ingot_leggings":2,"minecraft:dandelion":1,"samurai_dynasty:netherite_samurai_helmet":3,"samurai_dynasty:odachi_netherite":3,"soulsweapons:soul_robes_leggings":2,"minecraft:sand":2,"minecraft:oak_log":5,"soulsweapons:soul_robes_chestplate":6,"minecraft:shield":2,"soulsweapons:soul_ingot":27,"epicfight:stray_pants":1,"soulsweapons:soul_robes_boots":2,"minecraft:dirt":12,"minecraft:spider_eye":1,"minecraft:string":1,"samurai_dynasty:netherite_samurai_boots":3,"samurai_dynasty:netherite_samurai_chestplate":3,"soulsweapons:soul_ingot_helmet":2,"minecraft:rotten_flesh":1,"soulsweapons:lost_soul":20,"minecraft:wheat_seeds":3,"minecraft:golden_apple":170,"soulsweapons:soul_ingot_chestplate":2,"minecraft:poppy":1,"minecraft:oak_sapling":5,"epicfight:stray_robe":1,"soulsweapons:soul_ingot_boots":4,"wom:satsujin":3,"samurai_dynasty:netherite_samurai_leggings":3,"minecraft:egg":4},"minecraft:dropped":{"epicfight:stray_robe":1,"epicfight:stray_pants":1},"minecraft:killed_by":{"soulsweapons:returning_knight":10,"minecraft:skeleton":2}},"DataVersion":3465}