{"stats":{"minecraft:killed_by":{"minecraft:player":1,"minecraft:spider":1,"minecraft:zombie":1},"minecraft:custom":{"minecraft:interact_with_furnace":1,"minecraft:time_since_rest":1306,"minecraft:sprint_one_cm":60204,"minecraft:damage_taken":929,"minecraft:walk_one_cm":91262,"minecraft:mob_kills":9,"minecraft:damage_dealt":1319,"minecraft:swim_one_cm":10821,"minecraft:interact_with_crafting_table":3,"minecraft:fly_one_cm":105797,"minecraft:open_chest":4,"minecraft:crouch_one_cm":472,"minecraft:play_time":28458,"minecraft:deaths":3,"minecraft:sneak_time":174,"minecraft:walk_under_water_one_cm":2302,"minecraft:boat_one_cm":7485,"minecraft:jump":545,"minecraft:leave_game":2,"minecraft:walk_on_water_one_cm":3570,"minecraft:time_since_death":1266,"minecraft:total_world_time":28458,"minecraft:fall_one_cm":16049},"minecraft:used":{"minecraft:cooked_mutton":2,"minecraft:stone_sword":32,"minecraft:stone_pickaxe":20,"minecraft:oak_planks":3,"minecraft:suspicious_stew":1,"minecraft:wooden_pickaxe":9,"butchersdelight:roaster":1,"minecraft:stone_axe":16,"minecraft:dirt":4},"minecraft:crafted":{"minecraft:oak_planks":6,"butchersdelight:roaster":1,"minecraft:stick":8,"minecraft:wooden_pickaxe":1,"minecraft:stone_pickaxe":1,"minecraft:stone_sword":1,"minecraft:stone_axe":1,"minecraft:air":29},"minecraft:mined":{"minecraft:tuff":10,"butchersdelight:roaster_sheep_roasted":1,"treechop:chopped_log":2,"minecraft:crafting_table":1,"minecraft:grass":5,"minecraft:grass_block":4,"minecraft:dirt":2,"minecraft:cobweb":5,"biomesoplenty:barley":7,"minecraft:stone":8,"minecraft:oak_planks":4,"minecraft:deepslate":5},"minecraft:picked_up":{"minecraft:raw_iron":6,"minecraft:stick":14,"minecraft:crafting_table":1,"minecraft:wheat":2,"naturalist:duck":2,"minecraft:tripwire_hook":1,"farm_and_charm:kernels":1,"minecraft:bowl":1,"minecraft:wooden_pickaxe":1,"minecraft:tuff":12,"minecraft:oak_log":96,"supplementaries:flax_seeds":2,"minecraft:shield":1,"minecraft:string":5,"minecraft:dirt":8,"minecraft:cooked_mutton":2,"minecraft:stone_sword":1,"minecraft:bone":2,"minecraft:arrow":2,"butchersdelight:deadsheep":5,"minecraft:rotten_flesh":1,"minecraft:stone_axe":1,"minecraft:cobbled_deepslate":1,"minecraft:wheat_seeds":2,"minecraft:stone_pickaxe":1,"weaponmaster:tutorialbook":1,"butchersdelight:roaster":2,"minecraft:oak_sapling":10,"minecraft:oak_planks":20,"minecraft:white_wool":6,"minecraft:cobblestone":8},"minecraft:killed":{"minecraft:skeleton":1,"minecraft:sheep":3,"minecraft:cave_spider":1,"minecraft:zombie":1,"naturalist:sparrow":2,"naturalist:duck":1}},"DataVersion":3465}