{"stats":{"minecraft:mined":{"minecraft:powder_snow":8},"minecraft:used":{"minecraft:firework_rocket":31},"minecraft:custom":{"minecraft:jump":168,"minecraft:time_since_rest":6590,"minecraft:leave_game":1,"minecraft:crouch_one_cm":314,"minecraft:walk_on_water_one_cm":1065,"minecraft:sprint_one_cm":9975,"minecraft:play_time":6590,"minecraft:damage_taken":130,"minecraft:time_since_death":6590,"minecraft:walk_one_cm":9524,"minecraft:sneak_time":99,"minecraft:walk_under_water_one_cm":3622,"minecraft:total_world_time":6590,"minecraft:fall_one_cm":5171,"minecraft:fly_one_cm":57402,"minecraft:aviate_one_cm":211570}},"DataVersion":3465}