{"stats":{"minecraft:mined":{"minecraft:snow_block":1,"minecraft:dandelion":1,"minecraft:grass_block":6,"minecraft:poppy":1,"minecraft:tall_grass":4,"treechop:chopped_log":2,"minecraft:grass":15,"minecraft:dirt":4},"minecraft:killed":{"minecraft:spider":3,"soulsweapons:remnant":21,"soulsweapons:dark_sorcerer":9,"minecraft:skeleton":1,"minecraft:zombie":3,"minecraft:stray":1,"soulsweapons:returning_knight":1},"minecraft:custom":{"minecraft:mob_kills":59,"minecraft:damage_dealt_resisted":2456,"minecraft:leave_game":3,"minecraft:time_since_death":1309,"minecraft:sleep_in_bed":2,"minecraft:climb_one_cm":2548,"minecraft:time_since_rest":1344,"minecraft:waystone_activated":1,"minecraft:sprint_one_cm":119871,"minecraft:walk_one_cm":448452,"minecraft:damage_taken":6298,"minecraft:damage_absorbed":555,"minecraft:drop":8,"minecraft:damage_dealt":15086,"minecraft:swim_one_cm":325,"minecraft:fly_one_cm":473711,"minecraft:open_chest":21,"minecraft:crouch_one_cm":1338,"minecraft:play_time":142627,"minecraft:deaths":15,"minecraft:sneak_time":1796,"minecraft:walk_under_water_one_cm":1690,"minecraft:boat_one_cm":2203,"minecraft:interact_with_lectern":1,"minecraft:jump":679,"minecraft:walk_on_water_one_cm":9940,"minecraft:total_world_time":142627,"minecraft:fall_one_cm":22484},"minecraft:used":{"samurai_dynasty:wakizashi":19,"wom:satsujin":295,"epicfight:skillbook":5,"minecraft:iron_shovel":8,"smallships:oak_cog":1,"minecraft:golden_apple":20,"smallships:oak_brigg":1,"soulsweapons:altar_block":1,"wom:iron_greataxe":10,"minecraft:oak_log":5,"minecraft:red_wool":2,"minecraft:grass_block":4,"minecraft:iron_axe":15,"soulsweapons:soul_ingot_boots":1,"wom:iron_staff":84,"samurai_dynasty:odachi_netherite":13,"minecraft:mud_bricks":4,"wom:wooden_staff":90,"minecraft:stone_brick_stairs":34,"minecraft:stone_bricks":36,"minecraft:bow":3,"minecraft:written_book":1,"samurai_dynasty:netherite_samurai_boots":1,"minecraft:egg":2,"minecraft:cooked_beef":4},"minecraft:picked_up":{"minecraft:clay_ball":3,"samurai_dynasty:netherite_samurai_helmet":4,"samurai_dynasty:odachi_netherite":4,"butchersdelight:deadpig":1,"minecraft:oak_log":5,"soulsweapons:lord_soul_rose":1,"minecraft:shield":3,"soulsweapons:soul_ingot":45,"epicfight:stray_pants":1,"soulsweapons:soul_robes_boots":3,"minecraft:dirt":20,"minecraft:string":1,"samurai_dynasty:netherite_samurai_chestplate":4,"soulsweapons:soul_ingot_helmet":3,"soulsweapons:lost_soul":28,"minecraft:wheat_seeds":5,"soulsweapons:arkenstone":1,"minecraft:poppy":2,"butchersdelightfoods:porkribs":1,"minecraft:egg":4,"minecraft:tipped_arrow":1,"minecraft:stick":7,"soulsweapons:nightfall":1,"soulsweapons:soul_ingot_leggings":3,"minecraft:dandelion":2,"minecraft:sand":2,"soulsweapons:soul_robes_leggings":3,"minecraft:stripped_spruce_log":1,"minecraft:spruce_sapling":3,"soulsweapons:soul_robes_chestplate":8,"minecraft:spruce_log":4,"minecraft:spider_eye":2,"samurai_dynasty:netherite_samurai_boots":4,"minecraft:arrow":1,"minecraft:rotten_flesh":1,"minecraft:golden_apple":214,"soulsweapons:soul_ingot_chestplate":3,"minecraft:oak_sapling":5,"epicfight:stray_robe":1,"soulsweapons:soul_ingot_boots":5,"wom:satsujin":4,"samurai_dynasty:netherite_samurai_leggings":4},"minecraft:dropped":{"wom:wooden_staff":1,"minecraft:iron_axe":1,"relics:arrow_quiver":1,"minecraft:bow":1,"minecraft:iron_pickaxe":1,"minecraft:iron_shovel":1,"epicfight:stray_robe":1,"epicfight:stray_pants":1},"minecraft:killed_by":{"soulsweapons:returning_knight":10,"mca:male_villager":2,"minecraft:skeleton":2}},"DataVersion":3465}