{"stats":{"minecraft:mined":{"minecraft:dandelion":1,"minecraft:grass_block":2,"minecraft:poppy":1,"minecraft:tall_grass":4,"treechop:chopped_log":1,"minecraft:grass":15},"minecraft:killed":{"minecraft:spider":2,"soulsweapons:remnant":21,"soulsweapons:dark_sorcerer":9,"minecraft:skeleton":1,"minecraft:zombie":3,"soulsweapons:returning_knight":1},"minecraft:custom":{"minecraft:mob_kills":57,"minecraft:damage_dealt_resisted":2456,"minecraft:leave_game":2,"minecraft:time_since_death":31375,"minecraft:climb_one_cm":2518,"minecraft:time_since_rest":31401,"minecraft:waystone_activated":1,"minecraft:sprint_one_cm":101680,"minecraft:walk_one_cm":346038,"minecraft:damage_taken":5408,"minecraft:damage_absorbed":555,"minecraft:drop":2,"minecraft:damage_dealt":14549,"minecraft:swim_one_cm":325,"minecraft:fly_one_cm":447465,"minecraft:open_chest":21,"minecraft:crouch_one_cm":1306,"minecraft:play_time":106002,"minecraft:deaths":13,"minecraft:sneak_time":1710,"minecraft:walk_under_water_one_cm":1690,"minecraft:boat_one_cm":2203,"minecraft:interact_with_lectern":1,"minecraft:jump":502,"minecraft:walk_on_water_one_cm":9909,"minecraft:total_world_time":106002,"minecraft:fall_one_cm":19042},"minecraft:used":{"samurai_dynasty:wakizashi":19,"wom:satsujin":295,"epicfight:skillbook":5,"smallships:oak_cog":1,"minecraft:golden_apple":20,"smallships:oak_brigg":1,"soulsweapons:altar_block":1,"wom:iron_greataxe":10,"minecraft:oak_log":5,"minecraft:red_wool":2,"minecraft:iron_axe":7,"minecraft:grass_block":4,"soulsweapons:soul_ingot_boots":1,"samurai_dynasty:odachi_netherite":13,"wom:iron_staff":84,"minecraft:mud_bricks":4,"wom:wooden_staff":48,"minecraft:stone_brick_stairs":34,"minecraft:stone_bricks":36,"minecraft:written_book":1,"samurai_dynasty:netherite_samurai_boots":1,"minecraft:egg":2},"minecraft:picked_up":{"minecraft:clay_ball":3,"samurai_dynasty:netherite_samurai_helmet":4,"samurai_dynasty:odachi_netherite":4,"minecraft:oak_log":5,"soulsweapons:lord_soul_rose":1,"minecraft:shield":3,"epicfight:stray_pants":1,"soulsweapons:soul_ingot":45,"soulsweapons:soul_robes_boots":3,"minecraft:string":1,"minecraft:dirt":12,"samurai_dynasty:netherite_samurai_chestplate":4,"soulsweapons:soul_ingot_helmet":3,"soulsweapons:lost_soul":28,"minecraft:wheat_seeds":5,"soulsweapons:arkenstone":1,"minecraft:poppy":2,"minecraft:egg":4,"minecraft:stick":1,"soulsweapons:nightfall":1,"soulsweapons:soul_ingot_leggings":3,"minecraft:dandelion":2,"minecraft:sand":2,"soulsweapons:soul_robes_leggings":3,"soulsweapons:soul_robes_chestplate":8,"minecraft:spider_eye":1,"samurai_dynasty:netherite_samurai_boots":4,"minecraft:rotten_flesh":1,"minecraft:golden_apple":214,"soulsweapons:soul_ingot_chestplate":3,"minecraft:oak_sapling":5,"epicfight:stray_robe":1,"soulsweapons:soul_ingot_boots":5,"wom:satsujin":4,"samurai_dynasty:netherite_samurai_leggings":4},"minecraft:dropped":{"epicfight:stray_robe":1,"epicfight:stray_pants":1},"minecraft:killed_by":{"soulsweapons:returning_knight":10,"minecraft:skeleton":2}},"DataVersion":3465}