{"stats":{"minecraft:crafted":{"minecraft:oak_planks":6,"soulsweapons:bluemoon_shortsword":1,"minecraft:crafting_table":1,"minecraft:wooden_pickaxe":1,"minecraft:stone_axe":1,"minecraft:air":30,"butchersdelight:roaster":1,"minecraft:stick":12,"minecraft:stone_pickaxe":1,"minecraft:stone_sword":1},"minecraft:picked_up":{"minecraft:iron_chestplate":1,"minecraft:crafting_table":2,"minecraft:wheat":4,"minecraft:glow_ink_sac":2,"minecraft:tripwire_hook":2,"farm_and_charm:kernels":2,"samurai_dynasty:jade":4,"minecraft:wooden_pickaxe":2,"minecraft:potato":1,"soulsweapons:moonstone":6,"minecraft:tuff":14,"minecraft:oak_log":142,"supplementaries:flax_seeds":8,"minecraft:shield":2,"minecraft:dirt":8,"minecraft:string":8,"minecraft:cooked_mutton":8,"minecraft:bone":11,"minecraft:bow":2,"minecraft:wheat_seeds":2,"minecraft:cobbled_deepslate":7,"minecraft:iron_ingot":1,"minecraft:stone_pickaxe":1,"weaponmaster:tutorialbook":2,"minecraft:oak_planks":26,"minecraft:iron_boots":1,"minecraft:raw_iron":6,"minecraft:stick":14,"naturalist:duck":3,"minecraft:torch":5,"minecraft:bowl":2,"minecraft:carrot":2,"minecraft:spider_eye":2,"minecraft:stone_sword":2,"minecraft:arrow":3,"butchersdelight:deadsheep":5,"minecraft:rotten_flesh":13,"minecraft:stone_axe":1,"minecraft:baked_potato":23,"minecraft:oak_sapling":10,"butchersdelight:roaster":3,"minecraft:white_wool":6,"minecraft:cobblestone":8},"minecraft:used":{"minecraft:cooked_mutton":8,"minecraft:stone_sword":72,"minecraft:stone_pickaxe":20,"minecraft:oak_planks":16,"minecraft:shield":21,"minecraft:wooden_pickaxe":9,"minecraft:dirt":4,"soulsweapons:bluemoon_shortsword":13,"minecraft:crafting_table":1,"minecraft:carrot":1,"minecraft:tuff":1,"minecraft:oak_log":7,"minecraft:suspicious_stew":1,"butchersdelight:roaster":2,"minecraft:stone_axe":16,"minecraft:cobbled_deepslate":4},"minecraft:mined":{"minecraft:tuff":10,"butchersdelight:roaster_sheep_roasted":1,"minecraft:crafting_table":2,"minecraft:grass_block":4,"minecraft:oak_planks":4,"treechop:chopped_log":2,"minecraft:grass":5,"minecraft:dirt":2,"minecraft:cobweb":5,"biomesoplenty:barley":7,"minecraft:stone":8,"minecraft:deepslate":5},"minecraft:killed":{"minecraft:cave_spider":1,"minecraft:spider":1,"naturalist:duck":1,"minecraft:sheep":3,"minecraft:skeleton":5,"minecraft:zombie":9,"naturalist:sparrow":2},"minecraft:dropped":{"butchersdelight:deadsheep":2},"minecraft:killed_by":{"minecraft:player":2,"minecraft:creeper":1,"minecraft:spider":1,"minecraft:zombie":3},"minecraft:custom":{"minecraft:interact_with_furnace":2,"minecraft:mob_kills":22,"minecraft:interact_with_crafting_table":7,"minecraft:leave_game":2,"minecraft:time_since_death":8390,"minecraft:time_since_rest":8431,"minecraft:sprint_one_cm":146533,"minecraft:damage_taken":2735,"minecraft:walk_one_cm":245311,"minecraft:damage_blocked_by_shield":605,"minecraft:drop":1,"minecraft:damage_dealt":3644,"minecraft:swim_one_cm":12316,"minecraft:fly_one_cm":180811,"minecraft:open_chest":5,"minecraft:crouch_one_cm":1087,"minecraft:play_time":70266,"minecraft:deaths":7,"minecraft:sneak_time":475,"minecraft:walk_under_water_one_cm":8673,"minecraft:boat_one_cm":7485,"minecraft:jump":1074,"minecraft:walk_on_water_one_cm":11849,"minecraft:total_world_time":70266,"minecraft:fall_one_cm":26704}},"DataVersion":3465}