{"stats":{"minecraft:mined":{"treechop:chopped_log":1,"minecraft:grass_block":2},"minecraft:killed":{"minecraft:skeleton":1,"minecraft:zombie":3,"minecraft:spider":2},"minecraft:custom":{"minecraft:time_since_rest":9856,"minecraft:sprint_one_cm":7098,"minecraft:damage_taken":503,"minecraft:walk_one_cm":74662,"minecraft:mob_kills":6,"minecraft:drop":2,"minecraft:damage_dealt":1141,"minecraft:swim_one_cm":325,"minecraft:fly_one_cm":143509,"minecraft:crouch_one_cm":547,"minecraft:play_time":42933,"minecraft:deaths":2,"minecraft:sneak_time":1307,"minecraft:walk_under_water_one_cm":1690,"minecraft:boat_one_cm":2203,"minecraft:jump":121,"minecraft:time_since_death":9825,"minecraft:walk_on_water_one_cm":9909,"minecraft:climb_one_cm":2518,"minecraft:total_world_time":42933,"minecraft:fall_one_cm":267},"minecraft:used":{"minecraft:oak_log":5,"samurai_dynasty:wakizashi":19,"minecraft:iron_axe":7,"minecraft:grass_block":4,"wom:wooden_staff":20,"minecraft:mud_bricks":4,"minecraft:stone_brick_stairs":34,"minecraft:stone_bricks":36,"smallships:oak_cog":1},"minecraft:picked_up":{"minecraft:stick":1,"minecraft:clay_ball":3,"minecraft:sand":2,"minecraft:oak_log":5,"epicfight:stray_pants":1,"minecraft:spider_eye":1,"minecraft:dirt":12,"minecraft:string":1,"minecraft:rotten_flesh":1,"minecraft:oak_sapling":5,"epicfight:stray_robe":1},"minecraft:dropped":{"epicfight:stray_robe":1,"epicfight:stray_pants":1},"minecraft:killed_by":{"minecraft:skeleton":1}},"DataVersion":3465}