{"stats":{"minecraft:custom":{"minecraft:jump":79,"minecraft:open_chest":3,"minecraft:time_since_rest":4458,"minecraft:damage_taken":60,"minecraft:sprint_one_cm":3587,"minecraft:leave_game":2,"minecraft:play_time":4458,"minecraft:walk_on_water_one_cm":2661,"minecraft:time_since_death":4458,"minecraft:walk_one_cm":7928,"minecraft:sneak_time":1,"minecraft:total_world_time":4458,"minecraft:walk_under_water_one_cm":2302,"minecraft:swim_one_cm":10821,"minecraft:fall_one_cm":2417,"minecraft:fly_one_cm":16203}},"DataVersion":3465}