{"stats":{"minecraft:mined":{"minecraft:grass_block":2,"treechop:chopped_log":1},"minecraft:killed":{"minecraft:skeleton":1},"minecraft:custom":{"minecraft:time_since_rest":16566,"minecraft:crouch_one_cm":547,"minecraft:play_time":30933,"minecraft:sprint_one_cm":6828,"minecraft:walk_one_cm":48118,"minecraft:damage_taken":215,"minecraft:deaths":1,"minecraft:sneak_time":915,"minecraft:walk_under_water_one_cm":76,"minecraft:mob_kills":1,"minecraft:boat_one_cm":1373,"minecraft:drop":2,"minecraft:jump":83,"minecraft:damage_dealt":200,"minecraft:walk_on_water_one_cm":3860,"minecraft:time_since_death":16520,"minecraft:total_world_time":30933,"minecraft:climb_one_cm":2518,"minecraft:fly_one_cm":76257,"minecraft:fall_one_cm":267},"minecraft:used":{"minecraft:oak_log":5,"smallships:oak_cog":1,"minecraft:iron_axe":7,"minecraft:mud_bricks":4,"wom:wooden_staff":20},"minecraft:picked_up":{"minecraft:stick":1,"minecraft:oak_log":5,"minecraft:oak_sapling":4,"epicfight:stray_pants":1,"epicfight:stray_robe":1,"minecraft:dirt":2},"minecraft:dropped":{"epicfight:stray_robe":1,"epicfight:stray_pants":1}},"DataVersion":3465}