{"stats":{"minecraft:custom":{"minecraft:jump":22,"minecraft:time_since_rest":4566,"minecraft:crouch_one_cm":496,"minecraft:deaths":1,"minecraft:sprint_one_cm":2987,"minecraft:play_time":18933,"minecraft:damage_taken":215,"minecraft:time_since_death":4520,"minecraft:walk_one_cm":25273,"minecraft:sneak_time":723,"minecraft:total_world_time":18933,"minecraft:walk_under_water_one_cm":76,"minecraft:fall_one_cm":267,"minecraft:drop":2,"minecraft:fly_one_cm":49051},"minecraft:used":{"minecraft:mud_bricks":4},"minecraft:picked_up":{"epicfight:stray_pants":1,"epicfight:stray_robe":1},"minecraft:dropped":{"epicfight:stray_robe":1,"epicfight:stray_pants":1}},"DataVersion":3465}