{"stats":{"minecraft:mined":{"minecraft:grass_block":2,"minecraft:light_gray_wool":3,"minecraft:dirt":17},"minecraft:custom":{"minecraft:jump":31,"minecraft:open_chest":1,"minecraft:time_since_rest":4577,"minecraft:damage_dealt":30,"minecraft:crouch_one_cm":455,"minecraft:sprint_one_cm":8386,"minecraft:play_time":4577,"minecraft:damage_taken":10,"minecraft:time_since_death":4577,"minecraft:walk_one_cm":8635,"minecraft:sneak_time":259,"minecraft:total_world_time":4577,"minecraft:fall_one_cm":687,"minecraft:fly_one_cm":4115},"minecraft:used":{"minecraft:dirt":9},"minecraft:picked_up":{"minecraft:light_gray_wool":3,"minecraft:dirt":12}},"DataVersion":3465}