{"stats":{"minecraft:crafted":{"minecraft:oak_planks":31,"minecraft:crafting_table":3,"minecraft:wooden_pickaxe":1,"minecraft:furnace":2,"minecraft:campfire":1,"minecraft:stone_axe":1,"minecraft:air":56,"minecraft:oak_boat":1,"minecraft:iron_boots":1,"minecraft:shield":2,"minecraft:stick":22,"minecraft:iron_ingot":9,"minecraft:iron_pickaxe":1,"minecraft:stone_pickaxe":1,"minecraft:wooden_axe":1,"minecraft:torch":8},"minecraft:used":{"minecraft:cooked_mutton":3,"farmersdelight:onion_crate":3,"minecraft:stone_pickaxe":65,"minecraft:oak_planks":4,"minecraft:shield":3,"minecraft:spruce_planks":1,"minecraft:wooden_pickaxe":8,"minecraft:rotten_flesh":15,"minecraft:torch":12,"minecraft:mossy_cobblestone":1,"farmersdelight:onion":14,"minecraft:dirt":8,"minecraft:tnt":1,"minecraft:crafting_table":5,"minecraft:campfire":1,"minecraft:tuff":17,"minecraft:wooden_axe":9,"farm_and_charm:corn":1,"minecraft:iron_pickaxe":35,"minecraft:stone_axe":92,"naturalist:duck":1,"minecraft:fire_charge":1,"minecraft:cobblestone":10,"minecraft:furnace":2,"minecraft:oak_boat":1,"minecraft:cobbled_deepslate":16,"beachparty:rubber_ring_pelican":1},"minecraft:killed":{"minecraft:cave_spider":1,"minecraft:witch":1,"naturalist:duck":1,"minecraft:skeleton":2,"minecraft:sheep":1,"minecraft:zombie":5},"minecraft:mined":{"create:deepslate_zinc_ore":1,"minecraft:tuff":8,"minecraft:spruce_planks":1,"minecraft:mossy_cobblestone":7,"minecraft:deepslate_diamond_ore":2,"soulsweapons:verglas_ore_deepslate":1,"minecraft:crafting_table":1,"minecraft:torch":1,"minecraft:grass_block":6,"minecraft:campfire":1,"farmersdelight:onion_crate":2,"minecraft:tall_grass":1,"minecraft:deepslate_gold_ore":5,"biomesoplenty:dune_grass":5,"minecraft:wall_torch":4,"minecraft:spawner":1,"supplementaries:urn":2,"minecraft:cobbled_deepslate":5,"samurai_dynasty:deepslate_jade_ore":11,"treechop:chopped_log":5,"minecraft:white_wall_banner":1,"biomesoplenty:sea_oats":13,"minecraft:grass":19,"soulsweapons:moonstone_ore_deepslate":8,"minecraft:oak_log":8,"minecraft:coal_ore":9,"minecraft:deepslate_iron_ore":3,"minecraft:dirt":5,"biomesoplenty:barley":90,"minecraft:stone":10,"minecraft:deepslate":31},"minecraft:custom":{"minecraft:interact_with_furnace":5,"minecraft:mob_kills":12,"minecraft:interact_with_crafting_table":14,"minecraft:time_since_death":46937,"minecraft:time_since_rest":46937,"minecraft:sprint_one_cm":156690,"minecraft:damage_taken":676,"minecraft:walk_one_cm":90527,"minecraft:damage_blocked_by_shield":70,"minecraft:drop":11,"minecraft:damage_dealt":2427,"minecraft:swim_one_cm":16117,"minecraft:fly_one_cm":151839,"minecraft:player_kills":1,"minecraft:open_chest":4,"minecraft:crouch_one_cm":7949,"minecraft:play_time":46937,"minecraft:sneak_time":3265,"minecraft:walk_under_water_one_cm":6195,"minecraft:boat_one_cm":40,"minecraft:jump":807,"minecraft:walk_on_water_one_cm":7962,"minecraft:total_world_time":46937,"minecraft:fall_one_cm":19903},"minecraft:dropped":{"minecraft:stone_axe":1,"minecraft:tuff":17,"minecraft:oak_planks":14,"minecraft:golden_shovel":1,"minecraft:dirt":2,"minecraft:shield":1,"minecraft:torch":2,"minecraft:wooden_axe":1,"beachparty:rubber_ring_pelican":1,"minecraft:wooden_pickaxe":1},"minecraft:picked_up":{"minecraft:charcoal":2,"minecraft:crafting_table":2,"minecraft:feather":2,"farmersdelight:onion_crate":2,"samurai_dynasty:jade":9,"soulsweapons:moonstone":3,"paraglider:spirit_orb":2,"minecraft:golden_shovel":1,"minecraft:tuff":25,"create:raw_zinc":1,"minecraft:oak_log":55,"minecraft:gunpowder":1,"minecraft:dirt":10,"minecraft:string":8,"minecraft:raw_copper":5,"minecraft:cooked_mutton":3,"minecraft:bone":4,"minecraft:bow":1,"minecraft:wheat_seeds":1,"minecraft:cobbled_deepslate":38,"minecraft:raw_gold":5,"minecraft:spruce_planks":1,"minecraft:iron_nugget":8,"minecraft:glowstone_dust":2,"minecraft:oak_planks":14,"minecraft:stick":13,"minecraft:raw_iron":9,"naturalist:duck":1,"minecraft:torch":11,"minecraft:spider_eye":2,"minecraft:mossy_cobblestone":7,"beachparty:rubber_ring_pelican":1,"butchersdelight:deadsheep":1,"minecraft:arrow":2,"minecraft:rotten_flesh":2,"minecraft:diamond":2,"minecraft:stone_axe":1,"waystones:waystone":1,"soulsweapons:verglas":1,"supplementaries:ash":1,"minecraft:oak_sapling":16,"minecraft:obsidian":2,"minecraft:coal":9,"minecraft:white_wool":1,"minecraft:cobblestone":10}},"DataVersion":3465}