{"stats":{"minecraft:mined":{"minecraft:dark_oak_planks":1,"create:deepslate_zinc_ore":12,"minecraft:spruce_planks":5,"minecraft:white_bed":2,"minecraft:farmland":2,"minecraft:jungle_leaves":1,"minecraft:granite":3,"minecraft:grass_block":8,"minecraft:coal_block":3,"minecraft:hopper":2,"minecraft:spawner":3,"minecraft:red_stained_glass_pane":1,"minecraft:iron_ore":10,"minecraft:cobbled_deepslate":14,"minecraft:cave_vines":5,"minecraft:light_gray_concrete":1,"minecraft:spruce_slab":7,"minecraft:tripwire":5,"soulsweapons:verglas_ore_deepslate":11,"minecraft:chiseled_quartz_block":5,"soulsweapons:moonstone_ore":3,"minecraft:torch":1,"minecraft:oak_planks":15,"minecraft:wall_torch":9,"minecraft:repeater":1,"samurai_dynasty:deepslate_jade_ore":37,"minecraft:light_gray_stained_glass":2,"samurai_dynasty:deepslate_silver_ore":5,"samurai_dynasty:silver_ore":2,"minecraft:grass":26,"minecraft:oak_log":23,"minecraft:dirt":8,"minecraft:smooth_quartz":6,"minecraft:sandstone_wall":3,"minecraft:tripwire_hook":1,"minecraft:deepslate":90,"create:zinc_ore":2,"minecraft:tuff":10,"minecraft:mossy_cobblestone":7,"minecraft:deepslate_diamond_ore":10,"butchersdelight:deadsheepblock":1,"minecraft:redstone_wire":1,"biomesoplenty:dune_grass":5,"minecraft:black_stained_glass_pane":2,"minecraft:furnace":1,"minecraft:acacia_wood":2,"treechop:chopped_log":7,"biomesoplenty:sea_oats":13,"soulsweapons:moonstone_ore_deepslate":34,"minecraft:potatoes":2,"minecraft:deepslate_iron_ore":21,"minecraft:rail":1,"biomesoplenty:barley":109,"minecraft:stone":24,"biomesoplenty:spider_egg":1,"minecraft:bone_block":66,"minecraft:redstone_wall_torch":1,"minecraft:gray_concrete":4,"minecraft:oak_fence":2,"minecraft:crafting_table":4,"minecraft:campfire":1,"farmersdelight:onion_crate":2,"minecraft:tall_grass":1,"biomesoplenty:sprout":1,"minecraft:deepslate_gold_ore":13,"supplementaries:urn":14,"butchersdelight:deadcowblock":1,"biomesoplenty:mahogany_log":1,"minecraft:white_wall_banner":1,"minecraft:coal_ore":23,"minecraft:gravel":1,"minecraft:fern":4},"minecraft:crafted":{"minecraft:black_dye":1,"minecraft:oak_planks":131,"soul_like_armors_reworked:kata_sword":1,"minecraft:iron_boots":2,"soulsweapons:moonstone_axe":1,"minecraft:stone_pressure_plate":1,"soul_like_armors_reworked:blackkatana":1,"minecraft:crafting_table":13,"minecraft:wooden_pickaxe":1,"minecraft:baked_potato":68,"minecraft:iron_helmet":1,"minecraft:campfire":2,"samurai_dynasty:katana_handle":1,"minecraft:iron_chestplate":2,"minecraft:charcoal":15,"minecraft:diamond_pickaxe":1,"minecraft:shield":2,"minecraft:stick":33,"quark:oak_chest":2,"minecraft:iron_ingot":60,"minecraft:iron_pickaxe":1,"minecraft:stone_sword":1,"minecraft:gold_ingot":50,"farmersdelight:onion":2,"minecraft:coal":3,"biomesoplenty:mahogany_planks":36,"samurai_dynasty:silver_ingot":2,"minecraft:furnace":5,"minecraft:bone_meal":25,"minecraft:iron_hoe":1,"minecraft:stone_pickaxe":1,"soulsweapons:bluemoon_shortsword":1,"minecraft:diamond_sword":1,"minecraft:bucket":1,"minecraft:stone_axe":1,"minecraft:air":394,"minecraft:oak_boat":1,"minecraft:gold_nugget":2,"minecraft:wooden_axe":1,"minecraft:iron_leggings":1,"minecraft:white_bed":1,"minecraft:acacia_planks":2,"minecraft:torch":20,"create:zinc_ingot":2},"minecraft:killed":{"naturalist:zebra":1,"minecraft:cave_spider":6,"minecraft:witch":1,"minecraft:spider":10,"minecraft:skeleton":40,"minecraft:creeper":1,"minecraft:sheep":1,"naturalist:alligator":1,"minecraft:pillager":5,"minecraft:zombie":44,"samurai_dynasty:jorogumo":1,"naturalist:lion":1,"mca:male_zombie_villager":1,"quark:toretoise":1,"minecraft:slime":1,"naturalist:duck":2,"minecraft:horse":2,"minecraft:husk":2,"minecraft:frog":1,"minecraft:squid":1},"minecraft:dropped":{"soulsweapons:bluemoon_shortsword":1,"butchersdelight:dead_cow":5,"wom:diamond_armbracelet":1,"minecraft:glow_ink_sac":1,"minecraft:baked_potato":23,"minecraft:flint":1,"minecraft:emerald":2,"minecraft:dirt":2,"quark:light_gray_shard":7,"beachparty:rubber_ring_pelican":2,"minecraft:gold_nugget":2,"minecraft:bone_meal":2,"minecraft:iron_pickaxe":2,"minecraft:white_wool":1,"minecraft:bone":5,"minecraft:stone_axe":2,"minecraft:wheat":2,"soulsweapons:moonstone":2,"minecraft:oak_planks":140,"aether:leather_gloves":2,"minecraft:cooked_mutton":6,"minecraft:golden_shovel":3,"supplementaries:ash":27,"minecraft:gunpowder":4,"soul_like_armors_reworked:kata_sword":1,"soul_like_armors_reworked:dagger":1,"farmersdelight:onion_crate":2,"minecraft:arrow":5,"biomesoplenty:mahogany_sapling":11,"minecraft:bread":5,"minecraft:iron_ingot":24,"minecraft:wheat_seeds":1,"weaponmaster:tutorialbook":1,"minecraft:feather":2,"minecraft:iron_helmet":2,"minecraft:cobblestone":1,"minecraft:golden_apple":1,"minecraft:stick":2,"minecraft:ink_sac":1,"minecraft:torch":2,"minecraft:wooden_axe":1,"minecraft:music_disc_strad":2,"samurai_dynasty:silver_ingot":2,"butchersdelight:deadpig":3,"minecraft:acacia_planks":2,"create:raw_zinc":1,"minecraft:redstone":1,"epicfight:uchigatana":1,"minecraft:tuff":20,"minecraft:iron_boots":1,"minecraft:potato":63,"minecraft:stone":12,"minecraft:shield":1,"aether:iron_gloves":2,"create:zinc_ingot":2,"minecraft:iron_chestplate":1,"soul_like_armors_reworked:rustysteel_chestplate":2,"minecraft:spider_eye":1,"samurai_dynasty:jade":2,"minecraft:stone_pickaxe":2,"minecraft:wooden_pickaxe":1,"samurai_dynasty:raw_silver":1,"naturalist:duck":1},"minecraft:picked_up":{"minecraft:music_disc_strad":3,"minecraft:iron_chestplate":1,"aether:iron_gloves":2,"soulsweapons:moonstone":63,"minecraft:golden_shovel":3,"minecraft:string":33,"soul_like_armors_reworked:rustysteel_chestplate":2,"minecraft:raw_copper":8,"minecraft:iron_leggings":1,"minecraft:gold_nugget":23,"minecraft:cobbled_deepslate":108,"minecraft:spruce_planks":1,"samurai_dynasty:raw_silver":7,"minecraft:redstone_torch":1,"soul_like_armors_reworked:dagger":1,"minecraft:iron_pickaxe":2,"minecraft:smooth_quartz":3,"minecraft:coal_block":3,"minecraft:furnace":1,"minecraft:iron_boots":1,"minecraft:stick":47,"minecraft:oak_fence":2,"minecraft:torch":56,"minecraft:stone_sword":1,"minecraft:rotten_flesh":28,"biomesoplenty:mahogany_sapling":11,"farmersdelight:rope":21,"supplementaries:ash":80,"minecraft:obsidian":2,"minecraft:cobblestone":19,"farmersdelight:onion_crate":4,"minecraft:feather":2,"minecraft:water_bucket":1,"soul_like_armors_reworked:kata_sword":1,"minecraft:chiseled_quartz_block":5,"minecraft:potato":324,"minecraft:flint":1,"paraglider:spirit_orb":12,"butchersdelight:deadpig":3,"minecraft:tuff":30,"create:raw_zinc":12,"supplementaries:flax_seeds":3,"minecraft:dirt":16,"minecraft:name_tag":4,"minecraft:bone":27,"minecraft:acacia_planks":2,"minecraft:bow":1,"minecraft:wheat_seeds":10,"minecraft:raw_gold":54,"minecraft:glowstone_dust":2,"minecraft:oak_planks":195,"soulsweapons:moonstone_axe":1,"minecraft:ink_sac":2,"minecraft:mossy_cobblestone":7,"minecraft:iron_hoe":1,"beachparty:rubber_ring_pelican":2,"minecraft:diamond":18,"waystones:waystone":1,"minecraft:golden_apple":1,"soulsweapons:verglas":21,"minecraft:emerald":4,"minecraft:bread":11,"minecraft:oak_sapling":16,"minecraft:diamond_pickaxe":1,"minecraft:charcoal":14,"minecraft:crafting_table":5,"minecraft:shield":1,"aether:leather_gloves":1,"butchersdelight:dead_cow":6,"minecraft:iron_nugget":8,"minecraft:spruce_slab":2,"naturalist:duck":2,"minecraft:raw_iron":51,"samurai_dynasty:katana_handle":1,"minecraft:stone":25,"minecraft:bowl":1,"wom:diamond_armbracelet":1,"minecraft:redstone":2,"minecraft:iron_horse_armor":2,"soul_like_armors_reworked:estusflask":13,"minecraft:arrow":32,"butchersdelight:deadsheep":4,"minecraft:gold_ingot":2,"minecraft:white_wool":1,"minecraft:rail":2,"minecraft:bone_block":83,"samurai_dynasty:jorogumo_eye":1,"minecraft:glow_ink_sac":1,"minecraft:leather":2,"samurai_dynasty:jade":72,"minecraft:acacia_wood":2,"minecraft:oak_log":77,"minecraft:gunpowder":1,"minecraft:cooked_mutton":9,"minecraft:stone_pickaxe":1,"quark:light_gray_shard":7,"soulsweapons:bluemoon_shortsword":1,"minecraft:white_bed":3,"minecraft:spider_eye":3,"biomesoplenty:mahogany_log":49,"minecraft:stone_axe":2,"minecraft:iron_helmet":1,"minecraft:baked_potato":67,"minecraft:coal":46,"minecraft:hopper":2},"minecraft:custom":{"minecraft:interact_with_crafting_table":73,"minecraft:open_barrel":26,"minecraft:leave_game":5,"minecraft:time_since_death":0,"minecraft:sprint_one_cm":744915,"minecraft:damage_blocked_by_shield":1025,"minecraft:drop":94,"minecraft:play_time":245858,"minecraft:deaths":13,"minecraft:jump":4415,"minecraft:walk_on_water_one_cm":106244,"minecraft:interact_with_furnace":87,"minecraft:damage_dealt":28403,"minecraft:player_kills":3,"minecraft:crouch_one_cm":25979,"minecraft:inspect_dispenser":10,"minecraft:mob_kills":125,"minecraft:climb_one_cm":35343,"minecraft:walk_one_cm":442089,"minecraft:sneak_time":12043,"minecraft:walk_under_water_one_cm":103456,"minecraft:boat_one_cm":40,"minecraft:total_world_time":245858,"minecraft:time_since_rest":153,"minecraft:damage_absorbed":40,"minecraft:damage_taken":7695,"minecraft:swim_one_cm":135598,"minecraft:fly_one_cm":900954,"minecraft:open_chest":90,"minecraft:fall_one_cm":153066},"minecraft:killed_by":{"samurai_dynasty:jorogumo":1,"minecraft:cave_spider":1,"minecraft:zombie":2,"minecraft:skeleton":3},"minecraft:used":{"farmersdelight:onion_crate":3,"minecraft:spruce_slab":2,"minecraft:shield":31,"minecraft:stone":11,"minecraft:rotten_flesh":32,"minecraft:iron_chestplate":2,"soulsweapons:moonstone_axe":201,"minecraft:tuff":19,"soul_like_armors_reworked:kata_sword":14,"wom:tormented_mind":65,"naturalist:duck":1,"minecraft:furnace":6,"minecraft:potato":21,"epicfight:skillbook":2,"minecraft:stone_pickaxe":65,"minecraft:oak_planks":67,"minecraft:wooden_pickaxe":8,"minecraft:golden_apple":1,"minecraft:glow_berries":7,"soulsweapons:bluemoon_shortsword":172,"minecraft:redstone_torch":1,"minecraft:bread":6,"minecraft:string":1,"minecraft:fire_charge":1,"minecraft:oak_boat":1,"minecraft:bone_meal":171,"minecraft:oak_fence":2,"biomesoplenty:mahogany_planks":8,"minecraft:stone_sword":28,"minecraft:redstone":1,"minecraft:spruce_planks":1,"soul_like_armors_reworked:estusflask":3,"minecraft:torch":78,"minecraft:dirt":14,"minecraft:hopper":2,"farm_and_charm:corn":1,"minecraft:iron_hoe":2,"minecraft:wooden_axe":9,"soul_like_armors_reworked:rustysteel_chestplate":1,"minecraft:stone_pressure_plate":1,"minecraft:cobbled_deepslate":64,"minecraft:cooked_mutton":3,"minecraft:water_bucket":92,"minecraft:baked_potato":66,"minecraft:mossy_cobblestone":1,"farmersdelight:onion":43,"minecraft:tnt":1,"minecraft:crafting_table":17,"minecraft:campfire":2,"minecraft:white_bed":2,"soul_like_armors_reworked:blackkatana":104,"minecraft:oak_log":6,"minecraft:diamond_pickaxe":155,"minecraft:iron_pickaxe":216,"minecraft:stone_axe":93,"minecraft:cobblestone":10,"minecraft:bucket":93,"quark:oak_chest":2,"beachparty:rubber_ring_pelican":1,"epicfight:uchigatana":1}},"DataVersion":3465}