{"stats":{"minecraft:custom":{"minecraft:time_since_rest":17632,"minecraft:sprint_one_cm":29670,"minecraft:damage_taken":60,"minecraft:walk_one_cm":24587,"minecraft:mob_kills":2,"minecraft:drop":4,"minecraft:damage_dealt":140,"minecraft:swim_one_cm":15634,"minecraft:interact_with_crafting_table":5,"minecraft:fly_one_cm":70716,"minecraft:open_chest":3,"minecraft:crouch_one_cm":3560,"minecraft:play_time":17632,"minecraft:sneak_time":1372,"minecraft:walk_under_water_one_cm":6123,"minecraft:jump":361,"minecraft:walk_on_water_one_cm":6250,"minecraft:time_since_death":17632,"minecraft:total_world_time":17632,"minecraft:fall_one_cm":10212},"minecraft:used":{"minecraft:wooden_axe":9,"minecraft:stone_pickaxe":12,"minecraft:oak_planks":1,"minecraft:spruce_planks":1,"minecraft:wooden_pickaxe":8,"naturalist:duck":1,"minecraft:stone_axe":56,"minecraft:mossy_cobblestone":1,"farmersdelight:onion":4,"minecraft:fire_charge":1,"minecraft:dirt":7,"minecraft:cobblestone":1,"minecraft:tnt":1,"minecraft:crafting_table":2,"minecraft:campfire":1,"beachparty:rubber_ring_pelican":1},"minecraft:crafted":{"minecraft:oak_planks":11,"minecraft:crafting_table":2,"minecraft:stick":6,"minecraft:wooden_pickaxe":1,"minecraft:stone_pickaxe":1,"minecraft:wooden_axe":1,"minecraft:campfire":1,"minecraft:stone_axe":1,"minecraft:air":55},"minecraft:mined":{"minecraft:spruce_planks":1,"minecraft:mossy_cobblestone":7,"treechop:chopped_log":5,"biomesoplenty:sea_oats":13,"minecraft:grass":19,"minecraft:coal_ore":9,"minecraft:grass_block":6,"minecraft:oak_log":8,"minecraft:dirt":4,"minecraft:tall_grass":1,"biomesoplenty:barley":90,"minecraft:stone":1,"biomesoplenty:dune_grass":5},"minecraft:picked_up":{"minecraft:stick":3,"naturalist:duck":1,"minecraft:feather":2,"minecraft:oak_log":55,"minecraft:dirt":7,"minecraft:mossy_cobblestone":7,"beachparty:rubber_ring_pelican":1,"butchersdelight:deadsheep":1,"minecraft:wheat_seeds":1,"minecraft:spruce_planks":1,"minecraft:oak_sapling":6,"minecraft:coal":9,"minecraft:oak_planks":14,"minecraft:white_wool":1,"minecraft:cobblestone":1},"minecraft:dropped":{"minecraft:wooden_axe":1,"beachparty:rubber_ring_pelican":1,"minecraft:oak_planks":14,"minecraft:wooden_pickaxe":1},"minecraft:killed":{"minecraft:sheep":1,"naturalist:duck":1}},"DataVersion":3465}