{"stats":{"minecraft:mined":{"minecraft:grass_block":2,"minecraft:dirt":17,"minecraft:light_gray_wool":3},"minecraft:custom":{"minecraft:open_chest":1,"minecraft:time_since_rest":22993,"minecraft:crouch_one_cm":455,"minecraft:sprint_one_cm":11230,"minecraft:play_time":22993,"minecraft:damage_taken":10,"minecraft:walk_one_cm":28746,"minecraft:sneak_time":262,"minecraft:jump":47,"minecraft:damage_dealt":332,"minecraft:leave_game":2,"minecraft:time_since_death":22993,"minecraft:climb_one_cm":12,"minecraft:total_world_time":22993,"minecraft:fall_one_cm":687,"minecraft:fly_one_cm":4467},"minecraft:used":{"minecraft:dirt":9,"minecraft:iron_axe":3,"minecraft:bread":1,"wom:wooden_staff":5},"minecraft:picked_up":{"minecraft:iron_axe":1,"minecraft:iron_shovel":1,"wom:wooden_staff":1,"minecraft:bow":1,"relics:arrow_quiver":1,"minecraft:spruce_log":1,"minecraft:iron_pickaxe":1,"minecraft:light_gray_wool":3,"minecraft:dirt":12}},"DataVersion":3465}