{"stats":{"minecraft:killed_by":{"minecraft:skeleton":1,"minecraft:zombie":1},"minecraft:mined":{"create:deepslate_zinc_ore":5,"minecraft:tuff":10,"minecraft:spruce_planks":1,"minecraft:mossy_cobblestone":7,"minecraft:deepslate_diamond_ore":8,"minecraft:grass_block":6,"biomesoplenty:dune_grass":5,"minecraft:spawner":1,"minecraft:cobbled_deepslate":8,"treechop:chopped_log":5,"biomesoplenty:sea_oats":13,"soulsweapons:moonstone_ore_deepslate":21,"minecraft:cave_vines":5,"minecraft:deepslate_iron_ore":3,"minecraft:rail":1,"biomesoplenty:barley":90,"minecraft:stone":10,"soulsweapons:verglas_ore_deepslate":3,"minecraft:oak_fence":2,"minecraft:crafting_table":2,"minecraft:torch":1,"minecraft:campfire":1,"farmersdelight:onion_crate":2,"minecraft:tall_grass":1,"minecraft:deepslate_gold_ore":6,"minecraft:oak_planks":3,"minecraft:wall_torch":6,"supplementaries:urn":14,"samurai_dynasty:deepslate_silver_ore":2,"samurai_dynasty:deepslate_jade_ore":30,"minecraft:white_wall_banner":1,"minecraft:grass":19,"minecraft:oak_log":11,"minecraft:coal_ore":9,"minecraft:dirt":5,"minecraft:deepslate":67},"minecraft:killed":{"samurai_dynasty:jorogumo":1,"minecraft:cave_spider":3,"minecraft:witch":1,"minecraft:spider":2,"naturalist:duck":1,"minecraft:skeleton":6,"minecraft:sheep":1,"minecraft:zombie":23},"minecraft:dropped":{"weaponmaster:tutorialbook":1,"minecraft:feather":2,"minecraft:dirt":2,"minecraft:torch":2,"minecraft:wooden_axe":1,"beachparty:rubber_ring_pelican":1,"minecraft:iron_pickaxe":1,"create:raw_zinc":1,"minecraft:stone_axe":2,"minecraft:tuff":17,"minecraft:wheat":2,"minecraft:oak_planks":14,"minecraft:golden_shovel":3,"supplementaries:ash":1,"minecraft:shield":1,"minecraft:gunpowder":4,"farmersdelight:onion_crate":2,"minecraft:spider_eye":1,"minecraft:wooden_pickaxe":1,"minecraft:stone_pickaxe":2},"minecraft:crafted":{"minecraft:oak_planks":67,"minecraft:furnace":3,"minecraft:iron_boots":1,"soulsweapons:moonstone_axe":1,"minecraft:stone_pickaxe":1,"minecraft:crafting_table":5,"minecraft:wooden_pickaxe":1,"minecraft:campfire":1,"minecraft:stone_axe":1,"minecraft:air":104,"minecraft:oak_boat":1,"minecraft:shield":2,"minecraft:gold_nugget":2,"minecraft:stick":24,"quark:oak_chest":1,"minecraft:iron_pickaxe":1,"minecraft:iron_ingot":9,"minecraft:wooden_axe":1,"minecraft:gold_ingot":2,"minecraft:white_bed":1,"minecraft:torch":8,"farmersdelight:onion":2},"minecraft:picked_up":{"minecraft:music_disc_strad":1,"minecraft:charcoal":2,"minecraft:crafting_table":3,"soulsweapons:moonstone":19,"minecraft:golden_shovel":2,"minecraft:string":9,"minecraft:raw_copper":8,"minecraft:gold_nugget":23,"minecraft:cobbled_deepslate":78,"minecraft:spruce_planks":1,"samurai_dynasty:raw_silver":2,"minecraft:iron_nugget":8,"minecraft:iron_pickaxe":1,"naturalist:duck":1,"minecraft:raw_iron":29,"minecraft:stick":13,"minecraft:oak_fence":2,"minecraft:torch":18,"minecraft:iron_horse_armor":1,"butchersdelight:deadsheep":1,"minecraft:arrow":4,"minecraft:rotten_flesh":22,"supplementaries:ash":28,"minecraft:obsidian":2,"minecraft:bone_block":19,"minecraft:white_wool":1,"minecraft:rail":1,"minecraft:cobblestone":10,"samurai_dynasty:jorogumo_eye":1,"farmersdelight:onion_crate":4,"minecraft:feather":2,"samurai_dynasty:jade":28,"minecraft:potato":1,"paraglider:spirit_orb":2,"minecraft:tuff":27,"create:raw_zinc":3,"minecraft:oak_log":56,"supplementaries:flax_seeds":3,"minecraft:gunpowder":1,"minecraft:dirt":10,"minecraft:name_tag":1,"minecraft:cooked_mutton":3,"minecraft:bone":9,"minecraft:bow":1,"minecraft:wheat_seeds":1,"minecraft:raw_gold":20,"minecraft:stone_pickaxe":1,"minecraft:glowstone_dust":2,"minecraft:oak_planks":17,"minecraft:spider_eye":2,"minecraft:mossy_cobblestone":7,"beachparty:rubber_ring_pelican":1,"minecraft:diamond":8,"minecraft:stone_axe":1,"waystones:waystone":1,"soulsweapons:verglas":3,"minecraft:bread":6,"minecraft:emerald":2,"minecraft:oak_sapling":16,"minecraft:coal":9},"minecraft:custom":{"minecraft:mob_kills":39,"minecraft:interact_with_crafting_table":23,"minecraft:leave_game":1,"minecraft:time_since_death":1448,"minecraft:sprint_one_cm":276643,"minecraft:walk_one_cm":154318,"minecraft:damage_blocked_by_shield":245,"minecraft:drop":28,"minecraft:play_time":79160,"minecraft:deaths":2,"minecraft:sneak_time":5138,"minecraft:walk_under_water_one_cm":6601,"minecraft:boat_one_cm":40,"minecraft:jump":1391,"minecraft:walk_on_water_one_cm":13808,"minecraft:total_world_time":79160,"minecraft:interact_with_furnace":6,"minecraft:time_since_rest":1472,"minecraft:damage_taken":1622,"minecraft:damage_dealt":8309,"minecraft:swim_one_cm":16292,"minecraft:fly_one_cm":256243,"minecraft:player_kills":1,"minecraft:open_chest":8,"minecraft:crouch_one_cm":12563,"minecraft:fall_one_cm":34088},"minecraft:used":{"minecraft:oak_fence":2,"farmersdelight:onion_crate":3,"minecraft:spruce_planks":1,"minecraft:shield":10,"minecraft:rotten_flesh":25,"minecraft:torch":40,"minecraft:dirt":8,"soulsweapons:moonstone_axe":102,"minecraft:tuff":19,"minecraft:wooden_axe":9,"farm_and_charm:corn":1,"naturalist:duck":1,"minecraft:furnace":3,"minecraft:cobbled_deepslate":49,"minecraft:cooked_mutton":3,"minecraft:stone_pickaxe":65,"minecraft:oak_planks":29,"minecraft:wooden_pickaxe":8,"minecraft:glow_berries":7,"minecraft:mossy_cobblestone":1,"farmersdelight:onion":43,"minecraft:tnt":1,"minecraft:crafting_table":8,"minecraft:campfire":1,"minecraft:white_bed":1,"minecraft:oak_log":5,"minecraft:bread":3,"minecraft:iron_pickaxe":126,"minecraft:stone_axe":93,"minecraft:fire_charge":1,"minecraft:cobblestone":10,"quark:oak_chest":1,"minecraft:oak_boat":1,"beachparty:rubber_ring_pelican":1}},"DataVersion":3465}