{"stats":{"minecraft:crafted":{"minecraft:oak_planks":55,"minecraft:crafting_table":5,"minecraft:wooden_pickaxe":1,"minecraft:furnace":2,"minecraft:campfire":1,"minecraft:stone_axe":1,"minecraft:air":83,"minecraft:oak_boat":1,"minecraft:iron_boots":1,"soulsweapons:moonstone_axe":1,"minecraft:shield":2,"minecraft:stick":24,"minecraft:iron_ingot":9,"minecraft:iron_pickaxe":1,"minecraft:stone_pickaxe":1,"minecraft:wooden_axe":1,"minecraft:torch":8,"farmersdelight:onion":2},"minecraft:used":{"minecraft:oak_fence":2,"minecraft:cooked_mutton":3,"farmersdelight:onion_crate":3,"minecraft:stone_pickaxe":65,"minecraft:oak_planks":23,"minecraft:shield":3,"minecraft:spruce_planks":1,"minecraft:wooden_pickaxe":8,"minecraft:rotten_flesh":17,"minecraft:torch":14,"minecraft:mossy_cobblestone":1,"farmersdelight:onion":40,"minecraft:dirt":8,"soulsweapons:moonstone_axe":18,"minecraft:tnt":1,"minecraft:crafting_table":7,"minecraft:campfire":1,"minecraft:tuff":19,"minecraft:oak_log":3,"minecraft:wooden_axe":9,"farm_and_charm:corn":1,"minecraft:iron_pickaxe":78,"minecraft:stone_axe":93,"naturalist:duck":1,"minecraft:fire_charge":1,"minecraft:cobblestone":10,"minecraft:furnace":2,"minecraft:oak_boat":1,"minecraft:cobbled_deepslate":20,"beachparty:rubber_ring_pelican":1},"minecraft:killed":{"minecraft:cave_spider":1,"minecraft:witch":1,"naturalist:duck":1,"minecraft:skeleton":2,"minecraft:sheep":1,"minecraft:zombie":7},"minecraft:mined":{"create:deepslate_zinc_ore":5,"minecraft:tuff":10,"minecraft:spruce_planks":1,"minecraft:mossy_cobblestone":7,"minecraft:deepslate_diamond_ore":4,"soulsweapons:verglas_ore_deepslate":1,"minecraft:oak_fence":2,"minecraft:crafting_table":2,"minecraft:torch":1,"minecraft:grass_block":6,"minecraft:campfire":1,"farmersdelight:onion_crate":2,"minecraft:tall_grass":1,"minecraft:deepslate_gold_ore":5,"minecraft:oak_planks":2,"biomesoplenty:dune_grass":5,"minecraft:wall_torch":5,"minecraft:spawner":1,"supplementaries:urn":8,"minecraft:cobbled_deepslate":7,"samurai_dynasty:deepslate_jade_ore":13,"treechop:chopped_log":5,"minecraft:white_wall_banner":1,"biomesoplenty:sea_oats":13,"minecraft:grass":19,"soulsweapons:moonstone_ore_deepslate":19,"minecraft:oak_log":11,"minecraft:coal_ore":9,"minecraft:deepslate_iron_ore":3,"minecraft:rail":1,"minecraft:dirt":5,"biomesoplenty:barley":90,"minecraft:stone":10,"minecraft:deepslate":49},"minecraft:custom":{"minecraft:interact_with_furnace":5,"minecraft:mob_kills":14,"minecraft:interact_with_crafting_table":16,"minecraft:time_since_death":58937,"minecraft:time_since_rest":58937,"minecraft:sprint_one_cm":207229,"minecraft:damage_taken":765,"minecraft:walk_one_cm":107653,"minecraft:damage_blocked_by_shield":70,"minecraft:drop":28,"minecraft:damage_dealt":2809,"minecraft:swim_one_cm":16117,"minecraft:fly_one_cm":180089,"minecraft:player_kills":1,"minecraft:open_chest":4,"minecraft:crouch_one_cm":9815,"minecraft:play_time":58937,"minecraft:sneak_time":4196,"minecraft:walk_under_water_one_cm":6195,"minecraft:boat_one_cm":40,"minecraft:jump":970,"minecraft:walk_on_water_one_cm":8116,"minecraft:total_world_time":58937,"minecraft:fall_one_cm":23470},"minecraft:dropped":{"minecraft:stone_axe":2,"weaponmaster:tutorialbook":1,"minecraft:tuff":17,"minecraft:wheat":2,"minecraft:feather":2,"minecraft:oak_planks":14,"minecraft:golden_shovel":3,"supplementaries:ash":1,"minecraft:dirt":2,"minecraft:shield":1,"minecraft:gunpowder":4,"minecraft:torch":2,"minecraft:wooden_axe":1,"minecraft:spider_eye":1,"farmersdelight:onion_crate":2,"beachparty:rubber_ring_pelican":1,"minecraft:stone_pickaxe":2,"minecraft:wooden_pickaxe":1,"minecraft:iron_pickaxe":1,"create:raw_zinc":1},"minecraft:picked_up":{"minecraft:charcoal":2,"minecraft:crafting_table":3,"minecraft:feather":2,"farmersdelight:onion_crate":4,"samurai_dynasty:jade":11,"soulsweapons:moonstone":16,"paraglider:spirit_orb":2,"minecraft:golden_shovel":2,"minecraft:tuff":27,"create:raw_zinc":3,"minecraft:oak_log":56,"minecraft:gunpowder":1,"minecraft:dirt":10,"minecraft:string":8,"minecraft:raw_copper":5,"minecraft:cooked_mutton":3,"minecraft:bone":6,"minecraft:gold_nugget":23,"minecraft:bow":1,"minecraft:wheat_seeds":1,"minecraft:cobbled_deepslate":58,"minecraft:raw_gold":5,"minecraft:spruce_planks":1,"minecraft:stone_pickaxe":1,"minecraft:iron_nugget":8,"minecraft:iron_pickaxe":1,"minecraft:glowstone_dust":2,"minecraft:oak_planks":16,"minecraft:stick":13,"minecraft:raw_iron":9,"naturalist:duck":1,"minecraft:oak_fence":2,"minecraft:torch":12,"minecraft:spider_eye":2,"minecraft:mossy_cobblestone":7,"beachparty:rubber_ring_pelican":1,"butchersdelight:deadsheep":1,"minecraft:arrow":2,"minecraft:rotten_flesh":4,"minecraft:diamond":4,"minecraft:stone_axe":1,"waystones:waystone":1,"soulsweapons:verglas":1,"minecraft:emerald":2,"supplementaries:ash":20,"minecraft:oak_sapling":16,"minecraft:rail":1,"minecraft:obsidian":2,"minecraft:coal":9,"minecraft:white_wool":1,"minecraft:cobblestone":10}},"DataVersion":3465}