{"stats":{"minecraft:mined":{"create:deepslate_zinc_ore":5,"minecraft:tuff":10,"minecraft:spruce_planks":1,"minecraft:mossy_cobblestone":7,"minecraft:deepslate_diamond_ore":8,"soulsweapons:verglas_ore_deepslate":1,"minecraft:oak_fence":2,"minecraft:crafting_table":2,"minecraft:torch":1,"minecraft:grass_block":6,"minecraft:campfire":1,"farmersdelight:onion_crate":2,"minecraft:tall_grass":1,"minecraft:deepslate_gold_ore":5,"minecraft:oak_planks":2,"biomesoplenty:dune_grass":5,"minecraft:wall_torch":6,"minecraft:spawner":1,"supplementaries:urn":11,"minecraft:cobbled_deepslate":8,"samurai_dynasty:deepslate_jade_ore":17,"minecraft:cave_vines":5,"treechop:chopped_log":5,"minecraft:white_wall_banner":1,"biomesoplenty:sea_oats":13,"minecraft:grass":19,"soulsweapons:moonstone_ore_deepslate":21,"minecraft:coal_ore":9,"minecraft:oak_log":11,"minecraft:deepslate_iron_ore":3,"minecraft:rail":1,"minecraft:dirt":5,"biomesoplenty:barley":90,"minecraft:stone":10,"minecraft:deepslate":61},"minecraft:killed":{"minecraft:cave_spider":1,"minecraft:witch":1,"minecraft:spider":1,"naturalist:duck":1,"minecraft:skeleton":4,"minecraft:sheep":1,"minecraft:zombie":8},"minecraft:dropped":{"minecraft:stone_axe":2,"weaponmaster:tutorialbook":1,"minecraft:tuff":17,"minecraft:wheat":2,"minecraft:feather":2,"minecraft:oak_planks":14,"minecraft:golden_shovel":3,"minecraft:dirt":2,"supplementaries:ash":1,"minecraft:shield":1,"minecraft:gunpowder":4,"minecraft:torch":2,"minecraft:wooden_axe":1,"beachparty:rubber_ring_pelican":1,"minecraft:spider_eye":1,"farmersdelight:onion_crate":2,"minecraft:stone_pickaxe":2,"minecraft:wooden_pickaxe":1,"minecraft:iron_pickaxe":1,"create:raw_zinc":1},"minecraft:crafted":{"minecraft:oak_planks":55,"minecraft:crafting_table":5,"minecraft:wooden_pickaxe":1,"minecraft:furnace":3,"minecraft:campfire":1,"minecraft:stone_axe":1,"minecraft:air":104,"minecraft:oak_boat":1,"minecraft:gold_nugget":2,"minecraft:iron_boots":1,"minecraft:shield":2,"soulsweapons:moonstone_axe":1,"minecraft:gold_ingot":2,"minecraft:stick":24,"minecraft:iron_ingot":9,"minecraft:stone_pickaxe":1,"minecraft:iron_pickaxe":1,"minecraft:wooden_axe":1,"minecraft:torch":8,"farmersdelight:onion":2},"minecraft:picked_up":{"minecraft:charcoal":2,"minecraft:crafting_table":3,"minecraft:feather":2,"farmersdelight:onion_crate":4,"samurai_dynasty:jade":15,"soulsweapons:moonstone":19,"paraglider:spirit_orb":2,"minecraft:golden_shovel":2,"minecraft:tuff":27,"create:raw_zinc":3,"minecraft:oak_log":56,"supplementaries:flax_seeds":3,"minecraft:gunpowder":1,"minecraft:string":8,"minecraft:dirt":10,"minecraft:raw_copper":5,"minecraft:cooked_mutton":3,"minecraft:bone":6,"minecraft:bow":1,"minecraft:wheat_seeds":1,"minecraft:gold_nugget":23,"minecraft:cobbled_deepslate":71,"minecraft:raw_gold":5,"minecraft:spruce_planks":1,"minecraft:stone_pickaxe":1,"minecraft:iron_nugget":8,"minecraft:iron_pickaxe":1,"minecraft:glowstone_dust":2,"minecraft:oak_planks":16,"minecraft:stick":13,"minecraft:raw_iron":9,"naturalist:duck":1,"minecraft:oak_fence":2,"minecraft:torch":18,"minecraft:spider_eye":2,"minecraft:mossy_cobblestone":7,"beachparty:rubber_ring_pelican":1,"minecraft:arrow":3,"butchersdelight:deadsheep":1,"minecraft:rotten_flesh":6,"minecraft:diamond":8,"minecraft:stone_axe":1,"waystones:waystone":1,"soulsweapons:verglas":1,"minecraft:emerald":2,"supplementaries:ash":26,"minecraft:oak_sapling":16,"minecraft:obsidian":2,"minecraft:coal":9,"minecraft:rail":1,"minecraft:white_wool":1,"minecraft:cobblestone":10},"minecraft:custom":{"minecraft:interact_with_furnace":6,"minecraft:mob_kills":18,"minecraft:interact_with_crafting_table":21,"minecraft:leave_game":1,"minecraft:time_since_death":67160,"minecraft:time_since_rest":67160,"minecraft:sprint_one_cm":229905,"minecraft:damage_taken":1107,"minecraft:walk_one_cm":121424,"minecraft:damage_blocked_by_shield":125,"minecraft:drop":28,"minecraft:damage_dealt":3519,"minecraft:player_kills":1,"minecraft:swim_one_cm":16117,"minecraft:fly_one_cm":218878,"minecraft:play_time":67160,"minecraft:open_chest":4,"minecraft:crouch_one_cm":11500,"minecraft:sneak_time":4835,"minecraft:walk_under_water_one_cm":6488,"minecraft:boat_one_cm":40,"minecraft:jump":1179,"minecraft:walk_on_water_one_cm":12001,"minecraft:total_world_time":67160,"minecraft:fall_one_cm":30388},"minecraft:used":{"minecraft:cooked_mutton":3,"minecraft:oak_fence":2,"farmersdelight:onion_crate":3,"minecraft:stone_pickaxe":65,"minecraft:oak_planks":29,"minecraft:spruce_planks":1,"minecraft:wooden_pickaxe":8,"minecraft:shield":5,"minecraft:rotten_flesh":19,"minecraft:torch":22,"minecraft:glow_berries":7,"minecraft:mossy_cobblestone":1,"farmersdelight:onion":43,"minecraft:dirt":8,"soulsweapons:moonstone_axe":31,"minecraft:tnt":1,"minecraft:crafting_table":8,"minecraft:campfire":1,"minecraft:tuff":19,"farm_and_charm:corn":1,"minecraft:wooden_axe":9,"minecraft:oak_log":5,"minecraft:bread":3,"minecraft:iron_pickaxe":102,"minecraft:stone_axe":93,"naturalist:duck":1,"minecraft:fire_charge":1,"minecraft:cobblestone":10,"minecraft:furnace":3,"minecraft:oak_boat":1,"minecraft:cobbled_deepslate":43,"beachparty:rubber_ring_pelican":1}},"DataVersion":3465}