{"stats":{"minecraft:custom":{"minecraft:time_since_rest":5632,"minecraft:open_chest":2,"minecraft:crouch_one_cm":266,"minecraft:play_time":5632,"minecraft:sprint_one_cm":4629,"minecraft:walk_one_cm":5695,"minecraft:sneak_time":154,"minecraft:walk_under_water_one_cm":5703,"minecraft:drop":1,"minecraft:jump":67,"minecraft:damage_dealt":20,"minecraft:time_since_death":5632,"minecraft:walk_on_water_one_cm":1565,"minecraft:total_world_time":5632,"minecraft:swim_one_cm":12906,"minecraft:fall_one_cm":836,"minecraft:fly_one_cm":13339},"minecraft:used":{"minecraft:fire_charge":1,"minecraft:tnt":1,"minecraft:spruce_planks":1,"beachparty:rubber_ring_pelican":1},"minecraft:mined":{"biomesoplenty:sea_oats":13,"minecraft:grass":4,"minecraft:spruce_planks":1,"biomesoplenty:barley":23,"biomesoplenty:dune_grass":5},"minecraft:picked_up":{"beachparty:rubber_ring_pelican":1,"minecraft:spruce_planks":1},"minecraft:dropped":{"beachparty:rubber_ring_pelican":1}},"DataVersion":3465}