{"stats":{"minecraft:custom":{"minecraft:interact_with_crafting_table":85,"minecraft:open_barrel":53,"minecraft:leave_game":5,"minecraft:time_since_death":63834,"minecraft:sprint_one_cm":831163,"minecraft:damage_blocked_by_shield":4115,"minecraft:drop":126,"minecraft:play_time":388092,"minecraft:deaths":21,"minecraft:jump":5146,"minecraft:walk_on_water_one_cm":169369,"minecraft:interact_with_furnace":102,"minecraft:damage_dealt":65501,"minecraft:player_kills":4,"minecraft:crouch_one_cm":37124,"minecraft:inspect_dispenser":10,"minecraft:interact_with_anvil":4,"minecraft:mob_kills":212,"minecraft:climb_one_cm":39460,"minecraft:walk_one_cm":604146,"minecraft:sneak_time":16722,"minecraft:walk_under_water_one_cm":178170,"minecraft:boat_one_cm":4378,"minecraft:total_world_time":388092,"minecraft:time_since_rest":63860,"minecraft:damage_absorbed":40,"minecraft:damage_taken":12495,"minecraft:trigger_trapped_chest":24,"minecraft:swim_one_cm":287589,"minecraft:fly_one_cm":1005379,"minecraft:open_chest":115,"minecraft:fall_one_cm":167205},"minecraft:crafted":{"minecraft:black_dye":1,"minecraft:oak_planks":159,"soul_like_armors_reworked:kata_sword":1,"minecraft:iron_boots":3,"soulsweapons:moonstone_axe":1,"minecraft:stone_pressure_plate":1,"soul_like_armors_reworked:blackkatana":1,"minecraft:crafting_table":17,"minecraft:spruce_planks":2,"minecraft:iron_helmet":1,"minecraft:wooden_pickaxe":1,"minecraft:baked_potato":131,"minecraft:campfire":2,"samurai_dynasty:katana_handle":1,"minecraft:iron_chestplate":2,"minecraft:charcoal":15,"minecraft:diamond_pickaxe":1,"minecraft:shield":3,"minecraft:stick":33,"quark:oak_chest":3,"minecraft:iron_ingot":60,"minecraft:iron_pickaxe":1,"minecraft:stone_sword":1,"minecraft:gold_ingot":50,"farmersdelight:onion":2,"minecraft:coal":3,"biomesoplenty:mahogany_planks":88,"samurai_dynasty:silver_ingot":2,"minecraft:furnace":5,"minecraft:bone_meal":25,"minecraft:flint_and_steel":1,"minecraft:iron_hoe":1,"minecraft:stone_pickaxe":1,"soulsweapons:bluemoon_shortsword":1,"minecraft:diamond_sword":1,"minecraft:bucket":1,"minecraft:stone_axe":1,"minecraft:air":402,"minecraft:oak_boat":1,"minecraft:gold_nugget":2,"biomesoplenty:mahogany_door":3,"minecraft:wooden_axe":1,"minecraft:iron_leggings":1,"minecraft:white_bed":1,"minecraft:acacia_planks":2,"minecraft:torch":56,"create:zinc_ingot":2},"minecraft:picked_up":{"minecraft:iron_chestplate":4,"minecraft:music_disc_strad":3,"beachparty:rubber_ring_axolotl":1,"minecraft:prismarine_shard":3,"aether:iron_gloves":5,"soulsweapons:moonstone":91,"minecraft:enchanted_book":1,"minecraft:golden_shovel":3,"soul_like_armors_reworked:rustysteel_chestplate":3,"minecraft:string":33,"minecraft:raw_copper":8,"minecraft:iron_leggings":3,"minecraft:oak_sign":1,"minecraft:gold_nugget":23,"minecraft:cobbled_deepslate":108,"minecraft:spruce_planks":12,"samurai_dynasty:raw_silver":7,"minecraft:redstone_torch":1,"soul_like_armors_reworked:dagger":1,"minecraft:smooth_quartz":3,"minecraft:iron_pickaxe":2,"minecraft:coal_block":3,"minecraft:furnace":5,"minecraft:iron_boots":5,"minecraft:stick":52,"samurai_dynasty:iron_samurai_helmet":1,"minecraft:oak_fence":2,"minecraft:torch":63,"quark:blossom_log":16,"quark:blossom_planks":1,"minecraft:stone_sword":1,"wom:tormented_mind":2,"minecraft:rotten_flesh":42,"minecraft:tropical_fish":1,"minecraft:vex_armor_trim_smithing_template":1,"biomesoplenty:mahogany_sapling":11,"farmersdelight:rope":44,"supplementaries:ash":80,"minecraft:obsidian":2,"minecraft:cod":1,"minecraft:cobblestone":75,"farmersdelight:onion_crate":4,"minecraft:feather":10,"soul_like_armors_reworked:kata_sword":1,"minecraft:water_bucket":2,"minecraft:andesite":2,"minecraft:chiseled_quartz_block":5,"minecraft:potato":388,"paraglider:spirit_orb":20,"butchersdelight:deadpig":3,"minecraft:flint":2,"minecraft:tuff":30,"create:raw_zinc":12,"supplementaries:flax_seeds":3,"minecraft:dirt":17,"minecraft:name_tag":10,"minecraft:bone":89,"supplementaries:cartographers_quill":1,"minecraft:acacia_planks":2,"minecraft:bow":1,"minecraft:wheat_seeds":10,"minecraft:raw_gold":54,"soul_like_armors_reworked:dark_knight_helmet":1,"soul_like_armors_reworked:rustysteel_boots":1,"minecraft:glowstone_dust":2,"minecraft:oak_planks":195,"biomesoplenty:mahogany_planks":28,"minecraft:black_terracotta":4,"minecraft:oak_pressure_plate":1,"soulsweapons:moonstone_axe":2,"minecraft:ink_sac":2,"minecraft:mossy_cobblestone":7,"minecraft:iron_hoe":1,"beachparty:rubber_ring_pelican":2,"minecraft:spruce_fence_gate":1,"minecraft:diamond":27,"minecraft:black_concrete":2,"waystones:waystone":1,"minecraft:bone_meal":1,"minecraft:golden_apple":1,"soulsweapons:verglas":32,"minecraft:emerald":4,"minecraft:bread":11,"minecraft:oak_sapling":19,"minecraft:diamond_pickaxe":2,"biomesoplenty:redwood_log":21,"minecraft:charcoal":14,"minecraft:crafting_table":6,"minecraft:azure_bluet":1,"minecraft:ladder":1,"minecraft:wooden_pickaxe":1,"relics:amphibian_boot":1,"minecraft:diamond_horse_armor":1,"minecraft:shield":3,"aether:leather_gloves":1,"minecraft:cornflower":1,"minecraft:red_bed":7,"magistuarmory:ceremonial_chestplate":1,"minecraft:iron_axe":1,"butchersdelight:dead_cow":6,"minecraft:iron_nugget":8,"minecraft:spruce_slab":6,"quark:yellow_blossom_sapling":4,"minecraft:diamond_hoe":1,"minecraft:raw_iron":59,"minecraft:stone":37,"naturalist:duck":2,"samurai_dynasty:katana_handle":2,"minecraft:bowl":1,"wom:diamond_armbracelet":1,"minecraft:stone_button":1,"minecraft:redstone":2,"minecraft:prismarine_crystals":4,"minecraft:iron_horse_armor":3,"minecraft:dark_oak_planks":10,"soul_like_armors_reworked:estusflask":41,"biomesoplenty:redwood_planks":26,"butchersdelight:deadsheep":4,"minecraft:arrow":116,"minecraft:saddle":2,"minecraft:gold_ingot":59,"biomesoplenty:redwood_sapling":11,"minecraft:bone_block":147,"minecraft:rail":2,"minecraft:white_wool":2,"samurai_dynasty:jorogumo_eye":1,"minecraft:glow_ink_sac":1,"minecraft:tripwire_hook":2,"minecraft:leather":2,"samurai_dynasty:jade":107,"minecraft:acacia_wood":2,"quark:smithing_template_rune":1,"minecraft:oak_log":84,"minecraft:gunpowder":7,"soul_like_armors_reworked:blackkatana":2,"minecraft:cooked_mutton":9,"soul_like_armors_reworked:rustyshield":1,"minecraft:kelp":14,"minecraft:iron_ingot":65,"minecraft:stone_pickaxe":1,"minecraft:iron_sword":2,"minecraft:dark_oak_stairs":22,"soulsweapons:bluemoon_shortsword":1,"wom:golden_chrono":1,"quark:light_gray_shard":7,"minecraft:dark_oak_slab":3,"epicfight:uchigatana":1,"minecraft:spruce_sapling":3,"minecraft:white_bed":4,"minecraft:spruce_log":3,"minecraft:spruce_door":1,"minecraft:spider_eye":3,"biomesoplenty:mahogany_log":89,"minecraft:stone_axe":2,"minecraft:chainmail_leggings":2,"minecraft:iron_helmet":2,"minecraft:baked_potato":121,"minecraft:coal":140,"minecraft:hopper":2},"minecraft:killed_by":{"minecraft:drowned":1,"samurai_dynasty:jorogumo":1,"minecraft:cave_spider":1,"minecraft:zombie":2,"minecraft:player":3,"minecraft:skeleton":7},"minecraft:killed":{"naturalist:zebra":1,"minecraft:cave_spider":6,"minecraft:witch":1,"minecraft:spider":10,"minecraft:cod":1,"minecraft:pufferfish":1,"minecraft:skeleton":92,"minecraft:guardian":9,"minecraft:silverfish":5,"minecraft:tropical_fish":1,"minecraft:parrot":1,"minecraft:creeper":1,"minecraft:sheep":1,"naturalist:alligator":1,"minecraft:pillager":5,"minecraft:zombie":49,"samurai_dynasty:jorogumo":1,"naturalist:lion":1,"mca:male_zombie_villager":1,"quark:toretoise":1,"minecraft:slime":1,"naturalist:duck":2,"minecraft:horse":2,"minecraft:drowned":10,"cataclysm:lionfish":1,"minecraft:husk":2,"minecraft:frog":1,"minecraft:squid":1},"minecraft:used":{"farmersdelight:onion_crate":3,"minecraft:spruce_slab":6,"minecraft:ladder":1,"minecraft:shield":78,"minecraft:stone":45,"minecraft:rotten_flesh":32,"minecraft:iron_chestplate":4,"soulsweapons:moonstone_axe":273,"minecraft:tuff":19,"wom:agony":11,"soul_like_armors_reworked:kata_sword":14,"wom:tormented_mind":449,"ender_dragon_loot_:dragon_sword":33,"minecraft:dark_oak_slab":3,"naturalist:duck":1,"minecraft:furnace":11,"minecraft:potato":21,"epicfight:skillbook":3,"minecraft:dark_oak_stairs":4,"minecraft:stone_pickaxe":65,"minecraft:oak_planks":67,"minecraft:wooden_pickaxe":8,"minecraft:golden_apple":1,"minecraft:glow_berries":7,"soulsweapons:bluemoon_shortsword":172,"minecraft:redstone_torch":1,"minecraft:black_terracotta":4,"minecraft:black_concrete":3,"minecraft:string":1,"minecraft:bread":6,"minecraft:fire_charge":1,"minecraft:oak_boat":1,"minecraft:bone_meal":171,"minecraft:oak_fence":2,"biomesoplenty:mahogany_planks":20,"minecraft:stone_sword":28,"minecraft:flint_and_steel":103,"minecraft:redstone":1,"minecraft:spruce_planks":9,"soul_like_armors_reworked:estusflask":11,"minecraft:torch":113,"minecraft:dirt":14,"minecraft:anvil":1,"minecraft:hopper":2,"minecraft:dark_oak_planks":10,"minecraft:wooden_axe":9,"farm_and_charm:corn":1,"minecraft:iron_hoe":2,"soul_like_armors_reworked:rustysteel_chestplate":3,"minecraft:trapped_chest":4,"minecraft:stone_pressure_plate":1,"minecraft:cobbled_deepslate":64,"minecraft:cooked_mutton":3,"minecraft:water_bucket":106,"minecraft:baked_potato":107,"wom:golden_chrono":1,"minecraft:mossy_cobblestone":1,"farmersdelight:onion":43,"minecraft:tnt":20,"minecraft:crafting_table":22,"minecraft:white_bed":3,"minecraft:campfire":2,"soul_like_armors_reworked:blackkatana":291,"minecraft:spruce_log":1,"minecraft:oak_log":6,"minecraft:cornflower":1,"minecraft:diamond_pickaxe":281,"minecraft:iron_pickaxe":216,"minecraft:stone_axe":93,"minecraft:cobblestone":26,"minecraft:bucket":110,"quark:oak_chest":3,"epicfight:uchigatana":1,"beachparty:rubber_ring_pelican":1},"minecraft:dropped":{"soulsweapons:bluemoon_shortsword":1,"butchersdelight:dead_cow":5,"minecraft:oak_pressure_plate":1,"wom:diamond_armbracelet":1,"minecraft:baked_potato":75,"minecraft:glow_ink_sac":1,"soul_like_armors_reworked:estusflask":3,"minecraft:flint":1,"minecraft:emerald":3,"minecraft:dirt":3,"minecraft:red_bed":2,"quark:light_gray_shard":7,"minecraft:stone_button":1,"beachparty:rubber_ring_pelican":2,"relics:amphibian_boot":1,"minecraft:gold_nugget":2,"minecraft:bone_meal":2,"minecraft:iron_pickaxe":2,"wom:tormented_mind":1,"minecraft:white_wool":1,"minecraft:bone":5,"minecraft:stone_axe":2,"biomesoplenty:redwood_sapling":6,"minecraft:wheat":2,"soulsweapons:moonstone":2,"minecraft:rotten_flesh":10,"aether:leather_gloves":2,"minecraft:oak_planks":140,"minecraft:cooked_mutton":6,"minecraft:golden_shovel":3,"supplementaries:ash":27,"minecraft:gunpowder":4,"soul_like_armors_reworked:kata_sword":1,"soul_like_armors_reworked:dagger":1,"farmersdelight:rope":2,"farmersdelight:onion_crate":2,"minecraft:arrow":6,"soul_like_armors_reworked:blackkatana":1,"biomesoplenty:mahogany_sapling":11,"minecraft:iron_ingot":24,"minecraft:bread":5,"minecraft:wheat_seeds":1,"weaponmaster:tutorialbook":1,"minecraft:iron_helmet":2,"minecraft:prismarine_shard":3,"minecraft:feather":2,"minecraft:cobblestone":1,"minecraft:tropical_fish":1,"soul_like_armors_reworked:rustysteel_boots":1,"minecraft:coal":2,"minecraft:golden_apple":1,"minecraft:stick":3,"minecraft:spruce_fence_gate":1,"minecraft:ink_sac":1,"minecraft:torch":2,"minecraft:wooden_axe":1,"minecraft:iron_leggings":1,"minecraft:music_disc_strad":2,"samurai_dynasty:silver_ingot":2,"butchersdelight:deadpig":3,"minecraft:tripwire_hook":1,"minecraft:bucket":1,"minecraft:acacia_planks":2,"create:raw_zinc":1,"minecraft:redstone":1,"epicfight:uchigatana":1,"minecraft:tuff":20,"minecraft:iron_boots":1,"minecraft:oak_sign":1,"minecraft:flint_and_steel":1,"minecraft:potato":63,"minecraft:stone":12,"minecraft:shield":1,"aether:iron_gloves":2,"create:zinc_ingot":2,"minecraft:iron_chestplate":1,"magistuarmory:ceremonial_chestplate":1,"soul_like_armors_reworked:rustysteel_chestplate":2,"minecraft:spider_eye":1,"samurai_dynasty:jade":2,"minecraft:stone_pickaxe":2,"minecraft:wooden_pickaxe":1,"samurai_dynasty:raw_silver":1,"epicfight:skillbook":1,"naturalist:duck":1},"minecraft:broken":{"minecraft:iron_boots":1,"minecraft:iron_chestplate":1,"minecraft:shield":1},"minecraft:mined":{"minecraft:dark_oak_planks":4,"create:deepslate_zinc_ore":12,"minecraft:spruce_planks":16,"minecraft:white_bed":2,"minecraft:farmland":2,"minecraft:black_terracotta":1,"minecraft:jungle_leaves":1,"minecraft:granite":3,"minecraft:grass_block":8,"minecraft:coal_block":3,"minecraft:hopper":2,"minecraft:oak_wall_sign":1,"minecraft:red_stained_glass_pane":1,"minecraft:spawner":3,"minecraft:tall_seagrass":12,"minecraft:iron_ore":18,"minecraft:cobbled_deepslate":14,"minecraft:dark_oak_stairs":16,"minecraft:cave_vines":5,"minecraft:light_gray_concrete":1,"minecraft:spruce_slab":12,"minecraft:tripwire":5,"minecraft:red_bed":7,"soulsweapons:verglas_ore_deepslate":11,"minecraft:kelp_plant":8,"minecraft:chiseled_quartz_block":5,"soulsweapons:moonstone_ore":3,"minecraft:torch":1,"minecraft:cobblestone":8,"minecraft:oak_planks":15,"minecraft:wall_torch":10,"minecraft:repeater":1,"minecraft:dark_oak_slab":3,"minecraft:light_gray_stained_glass":2,"samurai_dynasty:deepslate_silver_ore":5,"samurai_dynasty:deepslate_jade_ore":37,"samurai_dynasty:silver_ore":2,"minecraft:grass":27,"minecraft:oak_log":24,"minecraft:dirt":8,"minecraft:smooth_quartz":6,"minecraft:sandstone_wall":3,"minecraft:tripwire_hook":2,"minecraft:deepslate":90,"soulsweapons:verglas_ore":1,"create:zinc_ore":4,"minecraft:tuff":10,"minecraft:mossy_cobblestone":7,"minecraft:deepslate_diamond_ore":10,"butchersdelight:deadsheepblock":1,"minecraft:ladder":1,"minecraft:redstone_wire":1,"minecraft:kelp":1,"biomesoplenty:dune_grass":5,"minecraft:black_stained_glass_pane":2,"minecraft:furnace":1,"minecraft:acacia_wood":2,"minecraft:black_concrete":2,"treechop:chopped_log":9,"biomesoplenty:sea_oats":13,"soulsweapons:moonstone_ore_deepslate":34,"minecraft:potatoes":2,"minecraft:deepslate_iron_ore":21,"minecraft:rail":1,"biomesoplenty:barley":109,"biomesoplenty:spider_egg":1,"minecraft:stone":83,"minecraft:bone_block":66,"minecraft:redstone_wall_torch":1,"minecraft:gray_concrete":4,"minecraft:spruce_door":1,"minecraft:oak_fence":2,"minecraft:crafting_table":5,"minecraft:campfire":1,"farmersdelight:onion_crate":2,"minecraft:tall_grass":1,"biomesoplenty:sprout":1,"minecraft:deepslate_gold_ore":13,"supplementaries:urn":14,"minecraft:spruce_stairs":1,"butchersdelight:deadcowblock":1,"biomesoplenty:mahogany_log":1,"minecraft:white_wall_banner":1,"ashes1ashes:smile":1,"minecraft:coal_ore":65,"minecraft:gravel":1,"minecraft:spruce_fence_gate":1,"minecraft:fern":4}},"DataVersion":3465}