{"stats":{"minecraft:crafted":{"minecraft:oak_planks":99,"minecraft:furnace":3,"minecraft:bone_meal":19,"minecraft:iron_boots":1,"soulsweapons:moonstone_axe":1,"minecraft:iron_hoe":1,"minecraft:stone_pickaxe":1,"soulsweapons:bluemoon_shortsword":1,"minecraft:crafting_table":6,"minecraft:wooden_pickaxe":1,"minecraft:baked_potato":68,"minecraft:iron_helmet":1,"minecraft:bucket":1,"minecraft:campfire":2,"minecraft:stone_axe":1,"minecraft:air":278,"minecraft:oak_boat":1,"minecraft:iron_chestplate":1,"minecraft:charcoal":15,"minecraft:gold_nugget":2,"minecraft:shield":2,"minecraft:stick":32,"quark:oak_chest":2,"minecraft:iron_pickaxe":1,"minecraft:iron_ingot":37,"minecraft:wooden_axe":1,"minecraft:iron_leggings":1,"minecraft:gold_ingot":2,"minecraft:white_bed":1,"minecraft:torch":8,"farmersdelight:onion":2},"minecraft:picked_up":{"minecraft:crafting_table":4,"minecraft:charcoal":2,"minecraft:music_disc_strad":1,"soulsweapons:moonstone":29,"minecraft:golden_shovel":2,"minecraft:string":31,"minecraft:raw_copper":8,"minecraft:gold_nugget":23,"minecraft:cobbled_deepslate":104,"minecraft:spruce_planks":1,"samurai_dynasty:raw_silver":5,"minecraft:iron_nugget":8,"minecraft:iron_pickaxe":1,"minecraft:furnace":1,"minecraft:stick":13,"minecraft:raw_iron":37,"naturalist:duck":2,"minecraft:oak_fence":2,"minecraft:torch":22,"minecraft:bowl":1,"minecraft:iron_horse_armor":1,"butchersdelight:deadsheep":4,"minecraft:arrow":5,"minecraft:rotten_flesh":28,"supplementaries:ash":28,"minecraft:obsidian":2,"minecraft:rail":2,"minecraft:bone_block":19,"minecraft:white_wool":1,"minecraft:cobblestone":10,"samurai_dynasty:jorogumo_eye":1,"minecraft:feather":2,"farmersdelight:onion_crate":4,"minecraft:glow_ink_sac":1,"samurai_dynasty:jade":35,"minecraft:potato":196,"paraglider:spirit_orb":6,"minecraft:tuff":27,"create:raw_zinc":10,"minecraft:oak_log":77,"supplementaries:flax_seeds":3,"minecraft:gunpowder":1,"minecraft:dirt":14,"minecraft:name_tag":1,"minecraft:cooked_mutton":9,"minecraft:bone":17,"minecraft:bow":1,"minecraft:wheat_seeds":2,"minecraft:raw_gold":25,"minecraft:stone_pickaxe":1,"minecraft:glowstone_dust":2,"minecraft:oak_planks":24,"minecraft:white_bed":1,"minecraft:spider_eye":3,"minecraft:mossy_cobblestone":7,"beachparty:rubber_ring_pelican":1,"minecraft:diamond":10,"minecraft:stone_axe":2,"waystones:waystone":1,"soulsweapons:verglas":6,"minecraft:emerald":2,"minecraft:bread":6,"minecraft:baked_potato":23,"minecraft:oak_sapling":16,"minecraft:coal":20},"minecraft:used":{"minecraft:oak_fence":2,"farmersdelight:onion_crate":3,"minecraft:spruce_planks":1,"minecraft:shield":27,"minecraft:rotten_flesh":32,"minecraft:torch":43,"minecraft:dirt":12,"soulsweapons:moonstone_axe":153,"minecraft:tuff":19,"minecraft:iron_hoe":2,"minecraft:wooden_axe":9,"farm_and_charm:corn":1,"naturalist:duck":1,"minecraft:furnace":4,"minecraft:potato":21,"minecraft:cobbled_deepslate":63,"minecraft:cooked_mutton":3,"minecraft:water_bucket":24,"minecraft:stone_pickaxe":65,"minecraft:baked_potato":7,"minecraft:oak_planks":36,"minecraft:wooden_pickaxe":8,"minecraft:glow_berries":7,"minecraft:mossy_cobblestone":1,"farmersdelight:onion":43,"soulsweapons:bluemoon_shortsword":44,"minecraft:tnt":1,"minecraft:crafting_table":9,"minecraft:white_bed":1,"minecraft:campfire":2,"minecraft:oak_log":6,"minecraft:bread":4,"minecraft:string":1,"minecraft:iron_pickaxe":196,"minecraft:stone_axe":93,"minecraft:fire_charge":1,"minecraft:cobblestone":10,"minecraft:bucket":25,"quark:oak_chest":2,"minecraft:oak_boat":1,"beachparty:rubber_ring_pelican":1,"minecraft:bone_meal":171},"minecraft:mined":{"create:deepslate_zinc_ore":12,"minecraft:tuff":10,"minecraft:spruce_planks":1,"minecraft:white_bed":1,"minecraft:farmland":2,"minecraft:mossy_cobblestone":7,"minecraft:deepslate_diamond_ore":10,"butchersdelight:deadsheepblock":1,"minecraft:grass_block":6,"biomesoplenty:dune_grass":5,"minecraft:spawner":3,"minecraft:furnace":1,"minecraft:cobbled_deepslate":14,"treechop:chopped_log":5,"biomesoplenty:sea_oats":13,"soulsweapons:moonstone_ore_deepslate":31,"minecraft:potatoes":2,"minecraft:cave_vines":5,"minecraft:deepslate_iron_ore":11,"minecraft:rail":1,"biomesoplenty:barley":90,"minecraft:stone":10,"minecraft:tripwire":1,"soulsweapons:verglas_ore_deepslate":6,"minecraft:oak_fence":2,"minecraft:crafting_table":3,"minecraft:torch":1,"minecraft:campfire":1,"farmersdelight:onion_crate":2,"minecraft:tall_grass":1,"minecraft:deepslate_gold_ore":11,"minecraft:oak_planks":13,"minecraft:wall_torch":8,"supplementaries:urn":14,"samurai_dynasty:deepslate_silver_ore":5,"samurai_dynasty:deepslate_jade_ore":35,"minecraft:white_wall_banner":1,"minecraft:grass":19,"minecraft:oak_log":23,"minecraft:coal_ore":9,"minecraft:dirt":7,"minecraft:deepslate":85},"minecraft:killed":{"samurai_dynasty:jorogumo":1,"minecraft:cave_spider":5,"mca:male_zombie_villager":1,"minecraft:witch":1,"minecraft:spider":7,"naturalist:duck":1,"minecraft:skeleton":10,"minecraft:sheep":1,"minecraft:zombie":32},"minecraft:dropped":{"minecraft:glow_ink_sac":1,"minecraft:baked_potato":23,"weaponmaster:tutorialbook":1,"minecraft:feather":2,"minecraft:dirt":2,"minecraft:torch":2,"minecraft:wooden_axe":1,"beachparty:rubber_ring_pelican":1,"minecraft:iron_pickaxe":1,"create:raw_zinc":1,"minecraft:stone_axe":2,"minecraft:tuff":17,"minecraft:wheat":2,"minecraft:oak_planks":21,"minecraft:cooked_mutton":6,"minecraft:golden_shovel":3,"supplementaries:ash":1,"minecraft:shield":1,"minecraft:gunpowder":4,"farmersdelight:onion_crate":2,"minecraft:spider_eye":1,"samurai_dynasty:jade":2,"minecraft:wooden_pickaxe":1,"minecraft:stone_pickaxe":2,"naturalist:duck":1},"minecraft:killed_by":{"samurai_dynasty:jorogumo":1,"minecraft:cave_spider":1,"minecraft:skeleton":1,"minecraft:zombie":2},"minecraft:custom":{"minecraft:mob_kills":61,"minecraft:interact_with_crafting_table":44,"minecraft:leave_game":2,"minecraft:time_since_death":1802,"minecraft:sprint_one_cm":422219,"minecraft:walk_one_cm":230013,"minecraft:damage_blocked_by_shield":830,"minecraft:drop":36,"minecraft:play_time":126941,"minecraft:deaths":6,"minecraft:sneak_time":6382,"minecraft:walk_under_water_one_cm":16460,"minecraft:boat_one_cm":40,"minecraft:jump":2081,"minecraft:walk_on_water_one_cm":27068,"minecraft:total_world_time":126941,"minecraft:interact_with_furnace":51,"minecraft:time_since_rest":1829,"minecraft:damage_taken":3106,"minecraft:damage_dealt":12560,"minecraft:swim_one_cm":17754,"minecraft:fly_one_cm":373595,"minecraft:player_kills":2,"minecraft:open_chest":50,"minecraft:crouch_one_cm":15875,"minecraft:fall_one_cm":55037}},"DataVersion":3465}