{"stats":{"minecraft:custom":{"minecraft:interact_with_furnace":2,"minecraft:mob_kills":7,"minecraft:interact_with_crafting_table":9,"minecraft:time_since_death":29632,"minecraft:time_since_rest":29632,"minecraft:sprint_one_cm":61314,"minecraft:damage_taken":470,"minecraft:walk_one_cm":48915,"minecraft:drop":8,"minecraft:damage_dealt":1473,"minecraft:swim_one_cm":15634,"minecraft:player_kills":1,"minecraft:fly_one_cm":106589,"minecraft:open_chest":4,"minecraft:crouch_one_cm":5644,"minecraft:play_time":29632,"minecraft:sneak_time":2417,"minecraft:walk_under_water_one_cm":6123,"minecraft:boat_one_cm":40,"minecraft:jump":530,"minecraft:walk_on_water_one_cm":6250,"minecraft:total_world_time":29632,"minecraft:fall_one_cm":17300},"minecraft:used":{"minecraft:cooked_mutton":3,"farmersdelight:onion_crate":3,"minecraft:stone_pickaxe":39,"minecraft:oak_planks":4,"minecraft:spruce_planks":1,"minecraft:wooden_pickaxe":8,"minecraft:torch":6,"minecraft:mossy_cobblestone":1,"farmersdelight:onion":14,"minecraft:dirt":8,"minecraft:crafting_table":4,"minecraft:tnt":1,"minecraft:campfire":1,"minecraft:wooden_axe":9,"farm_and_charm:corn":1,"minecraft:stone_axe":77,"naturalist:duck":1,"minecraft:fire_charge":1,"minecraft:cobblestone":10,"minecraft:furnace":1,"minecraft:oak_boat":1,"beachparty:rubber_ring_pelican":1},"minecraft:crafted":{"minecraft:oak_planks":31,"minecraft:crafting_table":2,"minecraft:wooden_pickaxe":1,"minecraft:furnace":1,"minecraft:campfire":1,"minecraft:stone_axe":1,"minecraft:air":55,"minecraft:oak_boat":1,"minecraft:shield":2,"minecraft:stick":22,"minecraft:iron_ingot":5,"minecraft:stone_pickaxe":1,"minecraft:wooden_axe":1,"minecraft:torch":8},"minecraft:mined":{"minecraft:tuff":3,"minecraft:spruce_planks":1,"minecraft:mossy_cobblestone":7,"minecraft:crafting_table":1,"minecraft:torch":1,"minecraft:grass_block":6,"minecraft:campfire":1,"farmersdelight:onion_crate":1,"minecraft:tall_grass":1,"biomesoplenty:dune_grass":5,"minecraft:wall_torch":3,"minecraft:spawner":1,"treechop:chopped_log":5,"minecraft:white_wall_banner":1,"biomesoplenty:sea_oats":13,"minecraft:grass":19,"minecraft:oak_log":8,"minecraft:coal_ore":9,"minecraft:deepslate_iron_ore":1,"minecraft:dirt":5,"biomesoplenty:barley":90,"minecraft:stone":10,"minecraft:deepslate":10},"minecraft:picked_up":{"minecraft:charcoal":2,"minecraft:crafting_table":2,"farmersdelight:onion_crate":1,"minecraft:feather":2,"paraglider:spirit_orb":2,"minecraft:tuff":4,"minecraft:oak_log":55,"minecraft:string":6,"minecraft:dirt":8,"minecraft:cooked_mutton":3,"minecraft:bone":4,"minecraft:bow":1,"minecraft:wheat_seeds":1,"minecraft:cobbled_deepslate":14,"minecraft:spruce_planks":1,"minecraft:oak_planks":14,"minecraft:raw_iron":7,"minecraft:stick":13,"naturalist:duck":1,"minecraft:torch":4,"minecraft:mossy_cobblestone":7,"beachparty:rubber_ring_pelican":1,"minecraft:arrow":2,"butchersdelight:deadsheep":1,"minecraft:stone_axe":1,"waystones:waystone":1,"minecraft:oak_sapling":16,"minecraft:obsidian":2,"minecraft:coal":9,"minecraft:white_wool":1,"minecraft:cobblestone":10},"minecraft:killed":{"naturalist:duck":1,"minecraft:sheep":1,"minecraft:skeleton":2,"minecraft:zombie":2},"minecraft:dropped":{"minecraft:stone_axe":1,"minecraft:oak_planks":14,"minecraft:shield":1,"minecraft:torch":2,"minecraft:wooden_axe":1,"beachparty:rubber_ring_pelican":1,"minecraft:wooden_pickaxe":1}},"DataVersion":3465}