{"stats":{"minecraft:mined":{"minecraft:grass_block":2,"minecraft:dirt":17,"minecraft:light_gray_wool":3},"minecraft:custom":{"minecraft:open_chest":1,"minecraft:time_since_rest":16493,"minecraft:crouch_one_cm":455,"minecraft:sprint_one_cm":11230,"minecraft:play_time":16493,"minecraft:damage_taken":10,"minecraft:walk_one_cm":26898,"minecraft:sneak_time":262,"minecraft:jump":47,"minecraft:damage_dealt":152,"minecraft:leave_game":1,"minecraft:time_since_death":16493,"minecraft:climb_one_cm":12,"minecraft:total_world_time":16493,"minecraft:fall_one_cm":687,"minecraft:fly_one_cm":4467},"minecraft:used":{"minecraft:dirt":9,"minecraft:iron_axe":1,"minecraft:bread":1,"wom:wooden_staff":5},"minecraft:picked_up":{"minecraft:iron_axe":1,"minecraft:iron_shovel":1,"wom:wooden_staff":1,"relics:arrow_quiver":1,"minecraft:iron_pickaxe":1,"minecraft:light_gray_wool":3,"minecraft:dirt":12}},"DataVersion":3465}