{"stats":{"minecraft:dropped":{"soul_like_armors_reworked:dark_knight_leggings":1,"soul_like_armors_reworked:darkknighttrident":1,"weaponmaster:tutorialbook":1},"minecraft:killed":{"mca:male_villager":1},"minecraft:picked_up":{"biomesoplenty:toadstool":2,"soul_like_armors_reworked:dark_knight_chestplate":2,"soul_like_armors_reworked:dark_knight_boots":1,"vinery:jungle_grapes_red":2,"soul_like_armors_reworked:darkknighttrident":2,"soul_like_armors_reworked:darkknightsword":1,"soul_like_armors_reworked:dark_knight_helmet":1,"soul_like_armors_reworked:dark_knight_leggings":3,"weaponmaster:tutorialbook":2,"epicfight:uchigatana":1,"minecraft:ink_sac":3,"soul_like_armors_reworked:darkknightshield":1},"minecraft:used":{"soul_like_armors_reworked:darkknighttrident":4,"soul_like_armors_reworked:dagger":1,"vinery:jungle_grapes_red":2,"soul_like_armors_reworked:estusflask":1,"biomesoplenty:toadstool":2},"minecraft:custom":{"minecraft:time_since_rest":8462,"minecraft:crouch_one_cm":1304,"minecraft:sprint_one_cm":71171,"minecraft:play_time":38765,"minecraft:deaths":6,"minecraft:damage_taken":1595,"minecraft:walk_one_cm":112019,"minecraft:sneak_time":331,"minecraft:mob_kills":1,"minecraft:drop":3,"minecraft:jump":580,"minecraft:interact_with_grindstone":1,"minecraft:walk_on_water_one_cm":55,"minecraft:damage_dealt":310,"minecraft:leave_game":2,"minecraft:time_since_death":8418,"minecraft:climb_one_cm":1115,"minecraft:total_world_time":38765,"minecraft:fall_one_cm":32067,"minecraft:fly_one_cm":72812},"minecraft:mined":{"minecraft:grass":7,"biomesoplenty:toadstool":3,"minecraft:jungle_leaves":1,"minecraft:fern":1}},"DataVersion":3465}