{"stats":{"minecraft:dropped":{"weaponmaster:tutorialbook":1},"minecraft:custom":{"minecraft:jump":288,"minecraft:time_since_rest":2336,"minecraft:deaths":1,"minecraft:leave_game":1,"minecraft:play_time":13619,"minecraft:sprint_one_cm":31366,"minecraft:damage_taken":285,"minecraft:time_since_death":2308,"minecraft:walk_one_cm":35126,"minecraft:climb_one_cm":403,"minecraft:sneak_time":89,"minecraft:total_world_time":13619,"minecraft:fall_one_cm":12791,"minecraft:drop":1,"minecraft:fly_one_cm":41300},"minecraft:picked_up":{"weaponmaster:tutorialbook":1,"vinery:jungle_grapes_red":2},"minecraft:used":{"vinery:jungle_grapes_red":2},"minecraft:mined":{"minecraft:grass":2}},"DataVersion":3465}