{"stats":{"minecraft:dropped":{"weaponmaster:tutorialbook":1},"minecraft:custom":{"minecraft:time_since_rest":5525,"minecraft:crouch_one_cm":591,"minecraft:sprint_one_cm":54343,"minecraft:play_time":26970,"minecraft:walk_one_cm":66205,"minecraft:damage_taken":1525,"minecraft:deaths":5,"minecraft:sneak_time":209,"minecraft:drop":1,"minecraft:jump":479,"minecraft:damage_dealt":10,"minecraft:leave_game":2,"minecraft:time_since_death":5500,"minecraft:total_world_time":26970,"minecraft:climb_one_cm":1115,"minecraft:fly_one_cm":57678,"minecraft:fall_one_cm":29124},"minecraft:picked_up":{"biomesoplenty:toadstool":2,"vinery:jungle_grapes_red":2,"weaponmaster:tutorialbook":2},"minecraft:used":{"vinery:jungle_grapes_red":2,"biomesoplenty:toadstool":2},"minecraft:mined":{"minecraft:grass":6,"biomesoplenty:toadstool":3,"minecraft:jungle_leaves":1,"minecraft:fern":1}},"DataVersion":3465}