{"stats":{"minecraft:dropped":{"mca:book_romance":1,"soul_like_armors_reworked:darkknighttrident":1,"weaponmaster:tutorialbook":1,"soul_like_armors_reworked:dark_knight_leggings":1},"minecraft:killed":{"mca:male_villager":1},"minecraft:picked_up":{"biomesoplenty:toadstool":2,"soul_like_armors_reworked:darkknighttrident":2,"soul_like_armors_reworked:darkknightsword":1,"epicfight:uchigatana":1,"soul_like_armors_reworked:dark_knight_leggings":3,"minecraft:ink_sac":3,"soul_like_armors_reworked:darkknightshield":1,"minecraft:dirt":14,"vinery:jungle_grapes_red":2,"soul_like_armors_reworked:dark_knight_boots":1,"soul_like_armors_reworked:dark_knight_chestplate":2,"soul_like_armors_reworked:dark_knight_helmet":1,"weaponmaster:tutorialbook":2},"minecraft:used":{"soul_like_armors_reworked:dagger":1,"vinery:jungle_grapes_red":2,"soul_like_armors_reworked:estusflask":1,"biomesoplenty:toadstool":2,"soul_like_armors_reworked:darkknighttrident":4,"minecraft:dirt":13},"minecraft:custom":{"minecraft:time_since_rest":20602,"minecraft:sprint_one_cm":80194,"minecraft:damage_absorbed":80,"minecraft:damage_taken":1735,"minecraft:walk_one_cm":143004,"minecraft:mob_kills":1,"minecraft:drop":4,"minecraft:damage_dealt":310,"minecraft:fly_one_cm":77764,"minecraft:crouch_one_cm":1564,"minecraft:play_time":50905,"minecraft:deaths":6,"minecraft:sneak_time":384,"minecraft:walk_under_water_one_cm":672,"minecraft:jump":715,"minecraft:interact_with_grindstone":1,"minecraft:leave_game":3,"minecraft:time_since_death":20558,"minecraft:walk_on_water_one_cm":3913,"minecraft:total_world_time":50905,"minecraft:climb_one_cm":1115,"minecraft:interact_with_smoker":6,"minecraft:fall_one_cm":36026},"minecraft:mined":{"biomesoplenty:toadstool":3,"minecraft:jungle_leaves":1,"minecraft:grass":7,"minecraft:grass_block":6,"minecraft:dirt":8,"minecraft:fern":1}},"DataVersion":3465}