{"stats":{"minecraft:dropped":{"soulsweapons:bluemoon_shortsword":1,"minecraft:cobblestone":7,"minecraft:oak_planks":7,"minecraft:wooden_pickaxe":2},"minecraft:killed_by":{"minecraft:player":2,"minecraft:skeleton":4,"minecraft:zombie":2},"minecraft:mined":{"minecraft:powder_snow":11,"treechop:chopped_log":3,"minecraft:glow_lichen":1,"minecraft:grass":1},"minecraft:killed":{"minecraft:skeleton":1,"minecraft:zombie":1},"minecraft:used":{"minecraft:oak_log":1,"minecraft:wooden_pickaxe":42,"minecraft:rotten_flesh":3,"soulsweapons:bluemoon_shortsword":8},"minecraft:picked_up":{"soulsweapons:bluemoon_shortsword":2,"soulsweapons:nightfall":1,"minecraft:stick":6,"minecraft:wooden_pickaxe":4,"minecraft:oak_log":6,"minecraft:rotten_flesh":3,"minecraft:stone_pickaxe":1,"weaponmaster:tutorialbook":3,"minecraft:oak_sapling":7,"minecraft:birch_sapling":6,"minecraft:oak_planks":7,"minecraft:cobblestone":7,"minecraft:birch_log":14},"minecraft:custom":{"minecraft:time_since_rest":1123,"minecraft:sprint_one_cm":10250,"minecraft:damage_taken":2473,"minecraft:walk_one_cm":100166,"minecraft:mob_kills":2,"minecraft:drop":17,"minecraft:damage_dealt":666,"minecraft:swim_one_cm":18592,"minecraft:fly_one_cm":12256,"minecraft:player_kills":4,"minecraft:crouch_one_cm":653,"minecraft:play_time":35584,"minecraft:deaths":9,"minecraft:sneak_time":660,"minecraft:walk_under_water_one_cm":26880,"minecraft:jump":453,"minecraft:leave_game":1,"minecraft:walk_on_water_one_cm":24838,"minecraft:time_since_death":1096,"minecraft:total_world_time":35584,"minecraft:fall_one_cm":12080}},"DataVersion":3465}