{"stats":{"minecraft:dropped":{"soulsweapons:bluemoon_shortsword":1,"minecraft:cobblestone":7,"minecraft:oak_planks":7,"minecraft:wooden_pickaxe":2},"minecraft:killed_by":{"minecraft:skeleton":4,"minecraft:zombie":2,"minecraft:player":2},"minecraft:mined":{"minecraft:grass":1,"minecraft:powder_snow":11,"minecraft:glow_lichen":1},"minecraft:killed":{"minecraft:skeleton":1,"minecraft:zombie":1},"minecraft:used":{"soulsweapons:bluemoon_shortsword":8,"minecraft:wooden_pickaxe":24,"minecraft:rotten_flesh":3,"minecraft:oak_log":1},"minecraft:picked_up":{"soulsweapons:bluemoon_shortsword":2,"minecraft:stick":1,"soulsweapons:nightfall":1,"minecraft:rotten_flesh":3,"minecraft:wooden_pickaxe":4,"minecraft:stone_pickaxe":1,"weaponmaster:tutorialbook":3,"minecraft:oak_log":2,"minecraft:oak_sapling":4,"minecraft:oak_planks":7,"minecraft:cobblestone":7},"minecraft:custom":{"minecraft:time_since_rest":9853,"minecraft:damage_taken":2453,"minecraft:play_time":29168,"minecraft:sprint_one_cm":6945,"minecraft:walk_one_cm":85893,"minecraft:deaths":8,"minecraft:sneak_time":293,"minecraft:walk_under_water_one_cm":19710,"minecraft:mob_kills":2,"minecraft:drop":17,"minecraft:jump":373,"minecraft:damage_dealt":666,"minecraft:leave_game":1,"minecraft:time_since_death":9817,"minecraft:walk_on_water_one_cm":24704,"minecraft:total_world_time":29168,"minecraft:swim_one_cm":12666,"minecraft:fly_one_cm":10296,"minecraft:fall_one_cm":9251,"minecraft:player_kills":4,"minecraft:crouch_one_cm":579}},"DataVersion":3465}