{"stats":{"minecraft:mined":{"minecraft:oak_log":1,"minecraft:cobblestone":3,"minecraft:stone":42,"treechop:chopped_log":1},"minecraft:killed_by":{"minecraft:player":5},"minecraft:used":{"minecraft:cobblestone":13,"soulsweapons:bluemoon_shortsword":2,"minecraft:crafting_table":1,"minecraft:stone_pickaxe":34,"minecraft:oak_planks":7,"minecraft:wooden_pickaxe":11},"minecraft:custom":{"minecraft:time_since_rest":4976,"minecraft:crouch_one_cm":1898,"minecraft:sprint_one_cm":3949,"minecraft:play_time":29760,"minecraft:deaths":5,"minecraft:damage_taken":1370,"minecraft:walk_one_cm":41091,"minecraft:sneak_time":533,"minecraft:mob_kills":1,"minecraft:walk_under_water_one_cm":15362,"minecraft:jump":270,"minecraft:damage_dealt":439,"minecraft:leave_game":1,"minecraft:walk_on_water_one_cm":7529,"minecraft:time_since_death":47,"minecraft:total_world_time":29760,"minecraft:climb_one_cm":1356,"minecraft:swim_one_cm":21030,"minecraft:player_kills":1,"minecraft:interact_with_crafting_table":5,"minecraft:fall_one_cm":8591,"minecraft:fly_one_cm":5068},"minecraft:killed":{"minecraft:zombie":1},"minecraft:picked_up":{"soulsweapons:bluemoon_shortsword":2,"minecraft:stick":2,"minecraft:rotten_flesh":2,"minecraft:wooden_pickaxe":1,"minecraft:stone_pickaxe":1,"minecraft:oak_log":6,"minecraft:oak_planks":7,"minecraft:cobblestone":51},"minecraft:crafted":{"minecraft:oak_planks":16,"minecraft:crafting_table":1,"minecraft:stick":4,"minecraft:wooden_pickaxe":1,"minecraft:stone_pickaxe":1}},"DataVersion":3465}